Name,Power,Rank,Alliance,Mobilization_Rank,Mobilization_Points,Turned_In,Accepted,Honor_Rank,Honor_Points
angSuntzu,69294771,R4,MadFluffy,2,2060,9,9,2,208025
angFluffy,67093943,R4,MadFluffy,9,1520,7,7,1,229914
Thor x 23,54420631,R4,MadFluffy,37,690,4,4,3,204035
angBBQSGE,23287314,R4,MadFluffy,35,720,7,7,41,107078
Fluffy Queen,20633596,R4,MadFluffy,12,1450,13,13,9,156822
angCain,16617561,R4,MadFluffy,13,1340,6,7,27,126992
Sysstem,74637029,R3,MadFluffy,120,0,0,0,123,13300
angFunny,25348748,R3,MadFluffy,4,1970,12,13,7,170564
angCalca,25326436,R3,MadFluffy,40,660,3,3,18,137355
angGiaHuy,23441502,R3,MadFluffy,50,550,4,4,23,130625
angDooffy,21483963,R3,MadFluffy,103,0,0,0,66,77698
unlimit,21042258,R3,MadFluffy,6,1710,11,12,21,132291
angObi,19301582,R3,MadFluffy,86,0,0,1,73,71639
ıʟFuriaaa,18899818,R3,MadFluffy,94,0,0,0,100,37913
GLordMai,18094927,R3,MadFluffy,17,1140,10,10,15,145608
anghungvv,17590385,R3,MadFluffy,74,180,2,2,110,24483
ʀᴜDark,15471716,R3,MadFluffy,112,0,0,0,106,28927
angBakr,15373120,R3,MadFluffy,83,120,1,1,122,15426
ɢʟ Mixuee,15268318,R3,MadFluffy,91,0,0,0,130,6511
angSoutz,15026469,R3,MadFluffy,119,0,0,0,140,0
angJo,12568272,R3,MadFluffy,41,650,5,5,90,52894
ᴋᴋ Slarre,22541880,R2,MadFluffy,,,,,12,149599
BiNganHoa,22808530,R1,MadFluffy,32,790,5,5,46,102125
ᴋᴋMG3,22134285,R1,MadFluffy,,,,,20,132475
ᴋᴋVenus,21875299,R1,MadFluffy,,,,,5,179678
angSadgame,21086842,R1,MadFluffy,11,1460,7,7,45,102134
ᴋᴋKing Mithra,18334172,R1,MadFluffy,,,,,81,65440
Toxic Vibes,17556964,R1,MadFluffy,33,750,6,7,50,95393
angNotor,16024411,R1,MadFluffy,68,390,3,3,91,49028
anglady,14897161,R1,MadFluffy,29,860,9,10,56,90680
bySel,14881603,R1,MadFluffy,26,900,8,8,43,105852
danjc76,14418173,R1,MadFluffy,,,,,55,91725
Bshusttt,11881085,R1,MadFluffy,,,,,120,16764
✖ᴋᴋREIJACK,11274415,R1,MadFluffy,84,60,1,1,82,64266
AV✖Sirelli,10933490,R1,MadFluffy,1,2160,10,10,65,78941
FATIH ꪶꪶ,31868161,R1,MadFluffy,56,480,2,2,94,42606
angNicohZ,26462827,R1,MadFluffy,14,1260,10,10,17,143194
ang cloud,26201596,R1,MadFluffy,48,570,4,5,36,110242
hīkoi,25917312,R1,MadFluffy,,,,,67,77581
angRaijin,24236690,R1,MadFluffy,78,140,1,1,48,101572
angBun,24200409,R1,MadFluffy,77,150,1,1,6,171816
angbear,22767319,R1,MadFluffy,44,590,5,5,59,83591
angwinkvk,22437809,R1,MadFluffy,27,890,10,10,40,107949
TURAN80g,21638655,R1,MadFluffy,61,420,4,5,16,144781
Armstrong jr XL,21055292,R1,MadFluffy,53,530,3,3,47,101851
ᴋᴋSWAT,20963123,R1,MadFluffy,,,,,54,92269
ᴬᵂ Kozak,19969664,R1,MadFluffy,52,540,3,3,75,70717
angshorty,19600604,R1,MadFluffy,59,450,3,3,13,149034
LORD IZZY 1,19595258,R1,MadFluffy,,,,,88,55206
Gund,19538813,R1,MadFluffy,46,570,5,5,58,86984
angAlcar,19170419,R1,MadFluffy,36,690,5,5,51,93967
angDraken,18737886,R1,MadFluffy,100,0,0,0,74,71496
angFnDuke,18736657,R1,MadFluffy,15,1250,10,10,8,167283
LeshaVoi,18116326,R1,MadFluffy,,,,,28,120654
angGouv,18052863,R1,MadFluffy,5,1800,11,12,29,118062
angKaiLey,18028269,R1,MadFluffy,97,0,0,0,44,103293
ANH TUAN 1,17961963,R1,MadFluffy,8,1610,11,11,25,129731
ang FRODO,17954295,R1,MadFluffy,57,460,3,3,35,115498
Đảo 93,17948864,R1,MadFluffy,108,0,0,0,139,0
ᴋᴋ Cipri,17933888,R1,MadFluffy,,,,,60,82793
Fluffy Rooster,17879222,R1,MadFluffy,23,1050,9,10,24,130108
angZdrawe,17838385,R1,MadFluffy,28,880,5,6,70,72983
angcasper,17672705,R1,MadFluffy,22,1060,7,7,26,127294
angClayFM,17592245,R1,MadFluffy,60,440,4,4,30,117976
angSonk8,17254208,R1,MadFluffy,96,0,0,0,89,53346
ʀᴜSkyLord,17218938,R1,MadFluffy,19,1140,6,6,4,186455
angKomVD2,17037944,R1,MadFluffy,24,980,5,5,10,153122
Queen of Chaos,17012229,R1,MadFluffy,82,120,1,2,33,116441
ᵛᴺ kenji,16877789,R1,MadFluffy,67,400,2,2,11,153079
DaRkNatO,16645213,R1,MadFluffy,43,600,8,9,52,93745
angusbeef,16633667,R1,MadFluffy,,,,,137,217
angLukes,16587678,R1,MadFluffy,7,1620,11,11,71,72641
Zaebali,16538015,R1,MadFluffy,65,400,2,2,34,116390
angPanh,16450223,R1,MadFluffy,121,0,0,0,61,81821
angTGL,16442123,R1,MadFluffy,66,400,2,2,77,68962
angorzrzi,16415917,R1,MadFluffy,93,0,0,0,38,108584
Løbó,16319267,R1,MadFluffy,42,630,7,8,76,70445
angSsOren,16270724,R1,MadFluffy,18,1140,7,7,39,108502
angLunar,16104137,R1,MadFluffy,45,570,5,6,14,146536
Bụng bảo,15993671,R1,MadFluffy,,,,,69,73650
angBryanV,15685284,R1,MadFluffy,21,1080,5,5,93,42845
gladiador 28,15645856,R1,MadFluffy,3,2040,11,11,85,62172
PTQ 8 PRIME,15535909,R1,MadFluffy,,,,,37,109699
angTRAP,15381940,R1,MadFluffy,80,140,1,1,102,37125
angsóc,15158673,R1,MadFluffy,81,120,2,2,111,23829
lml Keter lml,15133989,R1,MadFluffy,34,730,5,5,78,67411
angHoangg,15108982,R1,MadFluffy,39,670,4,4,118,17506
세계평화,15076223,R1,MadFluffy,10,1510,10,10,32,117388
angGiulia,14949800,R1,MadFluffy,,,,,42,106193
ᵛᵒZelsii,14799654,R1,MadFluffy,,,,,53,92845
Dela Steven,14757338,R1,MadFluffy,71,230,2,2,22,131112
angBryan,14745492,R1,MadFluffy,116,0,0,0,49,101494
angMoNkE,14698654,R1,MadFluffy,118,0,0,0,97,41191
EF SǎuVôLệ,14188091,R1,MadFluffy,30,840,5,6,19,136663
angStulti,14181819,R1,MadFluffy,70,280,2,2,83,63876
angNhi,14138935,R1,MadFluffy,,,,,57,89365
angsungod,14090059,R1,MadFluffy,69,310,2,2,72,71951
angRudues,14075415,R1,MadFluffy,64,410,4,4,84,63354
angNolie,14075277,R1,MadFluffy,31,810,6,6,64,79067
sir Yuckfou,14051493,R1,MadFluffy,75,180,2,2,68,73776
angNev✖,13943165,R1,MadFluffy,101,0,0,0,116,21928
angXtelli,13779139,R1,MadFluffy,85,0,0,1,113,23211
angMilos,13694497,R1,MadFluffy,99,0,0,0,79,66487
ᴋᴋ Rekt 2,13508532,R1,MadFluffy,89,0,0,0,135,544
angJilsss,13479988,R1,MadFluffy,73,180,2,2,62,81144
ang Geentg,13346175,R1,MadFluffy,79,140,1,1,63,79324
angsuet,13233929,R1,MadFluffy,107,0,0,0,124,12556
ⁿleander112,13136267,R1,MadFluffy,,,,,127,9781
KouSmiNaS,13116519,R1,MadFluffy,51,540,4,4,95,41336
angyigitl,13109277,R1,MadFluffy,102,0,0,0,114,22802
SkyNemor,12898830,R1,MadFluffy,,,,,112,23588
Ронка,12745220,R1,MadFluffy,20,1080,7,8,31,117832
angCBC,12548023,R1,MadFluffy,106,0,0,0,104,35384
angAkka,12216579,R1,MadFluffy,115,0,0,0,108,28787
Aminvn22,12193140,R1,MadFluffy,72,220,1,1,119,17179
SAMXINH,12073276,R1,MadFluffy,25,940,9,9,86,61124
Halah Asu,11961457,R1,MadFluffy,47,570,5,5,98,40340
Wallerun I,11843060,R1,MadFluffy,38,680,4,4,92,45269
angGHOST,11821986,R1,MadFluffy,95,0,0,0,103,36467
angSunman,11481212,R1,MadFluffy,58,450,4,4,107,28815
Batussai,11362271,R1,MadFluffy,63,420,3,3,87,56686
ᴬ P Rok,10850911,R1,MadFluffy,110,0,0,0,117,19943
LeviHI,10829661,R1,MadFluffy,,,,,131,5965
reeeldid,10829619,R1,MadFluffy,49,560,3,3,105,35101
PowerNekat,10688966,R1,MadFluffy,,,,,109,27765
ᴬ CaesaRio,10609999,R1,MadFluffy,113,0,0,0,99,40022
angCowl,10584186,R1,MadFluffy,54,520,4,4,80,66356
ang STEPHENлж,10406315,R1,MadFluffy,55,480,4,4,115,22674
king rakha,9984840,R1,MadFluffy,,,,,96,41239
xHokagee,9698378,R1,MadFluffy,123,0,0,0,126,11348
Steve Thành,9639217,R1,MadFluffy,,,,,121,15656
angAL0NE,8970741,R1,MadFluffy,,,,,133,2701
angShroud,8576028,R1,MadFluffy,76,150,2,2,101,37344
Fallindune,8383682,R1,MadFluffy,87,0,0,0,129,7957
angaubsツ,8254232,R1,MadFluffy,62,420,3,3,136,497
ʀᴜ HoangRed,7696115,R1,MadFluffy,98,0,0,0,128,9094
NKT264,7538636,R1,MadFluffy,122,0,0,0,141,0
Fenrir84,7119592,R1,MadFluffy,,,,,132,3492
anggolny,6509733,R1,MadFluffy,,,,,125,11828
MoroZilo,4938134,R1,MadFluffy,,,,,134,1424
NixOmega,2871209,R1,MadFluffy,111,0,0,0,138,9
NhiĐây1,226996,R1,MadFluffy,,,,,142,0
KkWarMedusa,100057616,R4,23KK,,,,,,
KkDaddyLizz,39257076,R4,23KK,,,,,,
DaddyCakes⚔,34155553,R4,23KK,,,,,,
ᴋᴋTheElders,28693073,R4,23KK,,,,,,
SirFaust x ♠,26274722,R4,23KK,,,,,,
Chaos x 23,21519607,R4,23KK,,,,,,
MommyCakes⚔,17964347,R4,23KK,,,,,,
ᴋᴋ✖林Tooty,16686200,R4,23KK,,,,,,
ᴋᴋ GNight,38512777,R3,23KK,,,,,,
ᴋᴋHEWO,31554735,R3,23KK,,,,,,
ᴋᴋOxnayz,28363016,R3,23KK,,,,,,
ᴋᴋGru,28075649,R3,23KK,,,,,,
PALLAS,25850993,R3,23KK,,,,,,
j4fun1,25588349,R3,23KK,,,,,,
ᴋᴋMisterSqa,25124495,R3,23KK,,,,,,
ᴋᴋTôm Lazy,25108977,R3,23KK,,,,,,
BagueArt69,21268418,R3,23KK,,,,,,
AKacemᴋᴋ,19742376,R3,23KK,,,,,,
ᴋᴋ Nam,19299601,R3,23KK,,,,,,
ᴋᴋMajeste80,18323767,R3,23KK,,,,,,
Hahm Dani紫,18270962,R3,23KK,,,,,,
ᴋᴋDanis 47,18209283,R3,23KK,,,,,,
PhąRąøh,16637937,R3,23KK,,,,,,
ᴋᴋ Alénka,16277705,R3,23KK,,,,,,
GodzillaKilla,14668675,R3,23KK,,,,,,
Madukara,14375466,R3,23KK,,,,,,
ᴰᴿclearツ,9921551,R3,23KK,,,,,,
ᴬ✖RougeZuko♡,9121409,R3,23KK,,,,,,
ᴋᴋ REKT,26358799,R2,23KK,,,,,,
ᴋᴋRangerNP,21864007,R2,23KK,,,,,,
ᴋᴋ EXiT,15868750,R2,23KK,,,,,,
Cleo x 23,13732450,R2,23KK,,,,,,
ᴋᴋtalktmyhand,9623489,R2,23KK,,,,,,
DonniePoblo6 1,3813135,R2,23KK,,,,,,
ᴋᴋkingdombank,2930144,R2,23KK,,,,,,
Donpoblo6,1230197,R2,23KK,,,,,,
DonniePoblo6,383603,R2,23KK,,,,,,
MømmyAshe,58110366,R1,23KK,,,,,,
ᴋᴋTexas07,28318691,R1,23KK,,,,,,
PiPiKaChuu,27766183,R1,23KK,,,,,,
ᴋᴋ ✖Azuji✖888,27742205,R1,23KK,,,,,,
ᴋᴋ B A S I L,26777461,R1,23KK,,,,,,
ᴋᴋ MTrang,24541612,R1,23KK,,,,,,
ᴋᴋ Asmodeus,24253511,R1,23KK,,,,,,
ᴋᴋ TrDat,24131959,R1,23KK,,,,,,
ᴬᵂ BuLu,23656306,R1,23KK,,,,,,
DK MURAN,23381190,R1,23KK,,,,,,
ᴋᴋ Padang,23249925,R1,23KK,,,,,,
ᴋᴋSaver54,23225593,R1,23KK,,,,,,
LuLuLaLa,22982491,R1,23KK,,,,,,
ᴋᴋ monkey d,22772379,R1,23KK,,,,,,
ᴋᴋ MuRasaki,22272496,R1,23KK,,,,,,
ᴋᴋUribo,21913389,R1,23KK,,,,,,
KingdømBank,21729036,R1,23KK,,,,,,
ᴋᴋ Rozz,21204101,R1,23KK,,,,,,
ᴬᵛBlizt,21129480,R1,23KK,,,,,,
ᴋᴋ Fszcząs,20930335,R1,23KK,,,,,,
ᴋᴋRobredo,20680942,R1,23KK,,,,,,
ᴋᴋPALESTINE,20393145,R1,23KK,,,,,,
ᴋᴋ Samet5955,19938163,R1,23KK,,,,,,
ᴋᴋYenNhicutee,19553987,R1,23KK,,,,,,
ᴬᶜT U R B ♡,19457044,R1,23KK,,,,,,
angShogun,19244032,R1,23KK,,,,,,
ᴋᴋ✖むぎロイmugi,19176034,R1,23KK,,,,,,
angBáOo,18885567,R1,23KK,,,,,,
clearツ n Asheツ,18643063,R1,23KK,,,,,,
ᴋᴋHàUyển,18284122,R1,23KK,,,,,,
A L B O S S,18055427,R1,23KK,,,,,,
Produs,17856514,R1,23KK,,,,,,
CaptainMamoru,17748501,R1,23KK,,,,,,
ᴋᴋDaxzZxz,17627439,R1,23KK,,,,,,
ᴋᴋFrifaa,17616775,R1,23KK,,,,,,
Leano777,17302025,R1,23KK,,,,,,
ʀᴜCHEZEE,17167043,R1,23KK,,,,,,
ᴋᴋZuro,16899897,R1,23KK,,,,,,
OASIS45ᵀᴴ,16848872,R1,23KK,,,,,,
KKA gonfie vele,16718482,R1,23KK,,,,,,
A1122,16288352,R1,23KK,,,,,,
ᴋᴋNaraci747,15879684,R1,23KK,,,,,,
BINH F2P,15878101,R1,23KK,,,,,,
OSMANⁿBEY,15865147,R1,23KK,,,,,,
TiGERGiRL,15426918,R1,23KK,,,,,,
CZAJhieu12345h,15281425,R1,23KK,,,,,,
ᴋᴋ Escipion,14767963,R1,23KK,,,,,,
angTomb,14538241,R1,23KK,,,,,,
ᴋᴋBrex,14366131,R1,23KK,,,,,,
MSAngel,14018907,R1,23KK,,,,,,
YunoOne,14014264,R1,23KK,,,,,,
ᴋɴɢjiroツ,13648101,R1,23KK,,,,,,
angAHMET,13346774,R1,23KK,,,,,,
ᴋᴋhoàng long,13050088,R1,23KK,,,,,,
ᴋᴋ  eyup,12815259,R1,23KK,,,,,,
ᴋᴋJonnymen,12677981,R1,23KK,,,,,,
ᴋᴋ John117,12569328,R1,23KK,,,,,,
Queen Daphne,12348832,R1,23KK,,,,,,
God chosen one,12347190,R1,23KK,,,,,,
ᴋɴɢSOUTH,12264813,R1,23KK,,,,,,
JMLP320,12008680,R1,23KK,,,,,,
✖ Krai,11872481,R1,23KK,,,,,,
AlEx997,10866521,R1,23KK,,,,,,
ZFR5339,10187547,R1,23KK,,,,,,
Imper Adrianus,9483082,R1,23KK,,,,,,
ᴵᴱRuivinha,8191586,R1,23KK,,,,,,
ᴋᴋMcẸÑĐO,7495001,R1,23KK,,,,,,
AF BANGKA 4,6786582,R1,23KK,,,,,,
hosseinghanbari,6572744,R1,23KK,,,,,,
Phó Tư Gió,6023673,R1,23KK,,,,,,
EmreNergis54,5837794,R1,23KK,,,,,,
ˢᵐFounden,5734316,R1,23KK,,,,,,
Givnoturds,5202492,R1,23KK,,,,,,
BagueArtF,2685025,R1,23KK,,,,,,
ᴋᴋ lil bfarm,2345539,R1,23KK,,,,,,
Adrianus Farmm,1301386,R1,23KK,,,,,,
ᴰᴿ Rajah117,21245116,R4,KNG,,,,,,
ᵛᵒJanima,19979889,R4,KNG,,,,,,
Donjon 3917,16736055,R4,KNG,,,,,,
ᴮᴿGOLIAS,15532250,R4,KNG,,,,,,
Kizan X,22827854,R3,KNG,,,,,,
豆しば,18170427,R3,KNG,,,,,,
なるひこ,18163695,R3,KNG,,,,,,
iMaverick,17518701,R3,KNG,,,,,,
Classic071,17073411,R3,KNG,,,,,,
Луноход,15897816,R3,KNG,,,,,,
Lordz Lancelotz,15632085,R3,KNG,,,,,,
ψFisaro,15431867,R3,KNG,,,,,,
ᵛᵒSakaiii,15330311,R3,KNG,,,,,,
ᵛᵒKaido父,14717678,R3,KNG,,,,,,
Fizryk3,14284793,R3,KNG,,,,,,
Barba alba,14173897,R3,KNG,,,,,,
kortik1982,13301459,R3,KNG,,,,,,
Smoking420,13286697,R3,KNG,,,,,,
ᵛᵒMavryk33,12980451,R3,KNG,,,,,,
0erenn,12959493,R3,KNG,,,,,,
ghost hunter 08,12943939,R3,KNG,,,,,,
Fighter,12851169,R3,KNG,,,,,,
ang wolf9514,12494956,R3,KNG,,,,,,
ᵛᵒ Waldi,12325103,R3,KNG,,,,,,
angDeco,12230142,R3,KNG,,,,,,
ChronosRex,12148502,R3,KNG,,,,,,
ChiKa,12107570,R3,KNG,,,,,,
ᴬ NARDS79,11824247,R3,KNG,,,,,,
ᵛᵒBÄRliner,11642265,R3,KNG,,,,,,
ЛёхаBY,11352197,R3,KNG,,,,,,
ᵛᵒMadBalrog,11146743,R3,KNG,,,,,,
KevinKwon90,10963550,R3,KNG,,,,,,
ᵛᵒEleveny,10754106,R3,KNG,,,,,,
voWIGGYLOVE,10620156,R3,KNG,,,,,,
ceu A team,10291698,R3,KNG,,,,,,
Kether1,10082185,R3,KNG,,,,,,
Totoro SP,9904781,R3,KNG,,,,,,
ᵛᵒXCleoX,9863820,R3,KNG,,,,,,
lionleon99,9565685,R3,KNG,,,,,,
ˢʷRymaa,9139977,R3,KNG,,,,,,
Sigari,9088627,R3,KNG,,,,,,
pemecah laut,8882055,R3,KNG,,,,,,
Moff Xurellias,8589544,R3,KNG,,,,,,
ᴮᴿGOLIAS1,5360158,R3,KNG,,,,,,
Dont Mind Me,660462,R3,KNG,,,,,,
Spadeheart,8510245,R2,KNG,,,,,,
liking kawayan,8360728,R2,KNG,,,,,,
ᴿᴷTuranBoy,8249993,R2,KNG,,,,,,
OzzyBear,8024762,R2,KNG,,,,,,
Aykin 0089,7567058,R2,KNG,,,,,,
しょーちゃん,7405986,R2,KNG,,,,,,
KENJJI,7390573,R2,KNG,,,,,,
ᴮᴿKadosh,7243146,R2,KNG,,,,,,
아미타불,7202653,R2,KNG,,,,,,
zzer0,7126178,R2,KNG,,,,,,
APOYYY EMPIRE,6943576,R2,KNG,,,,,,
Britannia 1995,6900386,R2,KNG,,,,,,
Freaky Bro Joe,6550626,R2,KNG,,,,,,
anggabbo,6442631,R2,KNG,,,,,,
Hải Oanh,6381388,R2,KNG,,,,,,
MaHp,5763229,R2,KNG,,,,,,
Fluffys Dad,5507450,R2,KNG,,,,,,
Máximoss,16221904,R1,KNG,90,0,0,0,,
HypnozFarm,10580622,R1,KNG,,,,,,
Edwlad,9673381,R1,KNG,,,,,,
thegoathimself,8859011,R1,KNG,114,0,0,0,,
ergutul,6445794,R1,KNG,92,0,0,0,,
M9S,4496153,R1,KNG,,,,,,
SteveThành,4081585,R1,KNG,,,,,,
Doorgaan22,3258381,R1,KNG,,,,,,
ᴋᴋOSMANLI,3033907,R1,KNG,,,,,,
Totoro fm,2824179,R1,KNG,,,,,,
Rajah117 farm,1818316,R1,KNG,,,,,,
义MiniSouth义,1727129,R1,KNG,,,,,,
sungodfarm,1672553,R1,KNG,,,,,,
BeerFood1,672081,R1,KNG,,,,,,
BeerGold1,583713,R1,KNG,,,,,,
drivethrough,56243,R1,KNG,,,,,,
