rank,name,honor_points
1,angFluffy,103114
2,angFunny,98044
3,angBun,81856
4,angKomVD2,81413
5,VN kenji,79670
6,EF SàuVôLệ,76187
7,angSuntzu,72662
8,Zaebali,71207
9,angDooffy,70044
10,Fluffy Queen,69052
11,angFnDuke,68266
12,Fluffy Jester,66573
13,angRaijin,66435
14,angClayFM,66239
15,angGiaHuy,65479
16,angCalca,65096
17,ang FRODO,64888
18,angBBQSGE,64503
19,angshorty,63759
20,angorzrzi,63468
21,LM GiuliaFC,63039
22,angSadgame,60987
23,Dela Steven,60387
24,angCain,59898
25,TURAN80g,58787
26,LOU,57551
27,ANH TUAN 1,57095
28,angBryan,54983
29,SLGouverneur,54731
30,angBáOo,54698
31,ψShadowLunar,54499
32,angbear,54383
33,unlimit,52735
34,Queen of Chaos,52155
35,angKaiLey,51849
36,angPanh,51824
37,SLCAPITAN,51213
38,angwinkvk,51097
39,GLordMai,50519
40,angNECO,48816
41,Armstrong jr XL,48719
42,세계평화,48488
43,ang cloud,45421
44,angSsOren,45211
45,anglady,44952
46,angAlcar,43901
47,bySel,43046
48,angObi,42762
49,BiNganHoa,42658
50,SAMXINH,41820
51,lml Keter lml,41679
52,angsungod,40276
53,angZdrawe,39674
54,Fluffy Lover,39560
55,Gund,39517
56,Ронка,38122
57,angCowl,37806
58,gladiador 28,36908
59,angRudues,36688
60,angMilos,36199
61,angNhi,35755
62,angSonk8,35755
63,angDraken,34955
64,angCBC,34889
65,angGHOST,33958
66,Bụng báo,33434
67,sir Yuckfou,33182
68,STALINGGARD,32470
69,angLukes,32149
70,angBbyVix,32121
71,angAlak D,30837
72,angVael,30472
73,Batussai,29457
74,angNolie,29404
75,angNotor,27768
76,RUCHEZEE,26473
77,angTGL,26368
78,ILFuriaaa,24397
79,angJo,22155
80,RUDark,20196
81,angXtelli,19875
82,モニタリング,17143
83,Kether1,16904
84,Stultitia,16552
85,reeeldid,16530
86,angNev⚔,15491
87,anghungvv,14746
88,Wallerun I,14738
89,⚔Mihawk⚔,14168
90,angsóc,14010
91,Sysstem,13300
92,angBakr,13241
93,angSunman,13080
94,angHoangg,12495
95,angAkka,12217
96,angBryanV,11613
97,ang STEPHENлж,11232
98,кк Escipion,10323
99,angShroud,10064
100,≠bones,9863
101,angyigitl,8985
102,ksa 511,8898
103,ADOLF SAMI,8714
104,angsuet,8551
105,RU HoangRed,8485
106,nleander112,7281
107,angDante,6407
108,GL Mixuee,6406
109,thegoathimself,4939
110,KouSmiNaS,3852
111,AV⚔Sirelli,2616
112,angTRAP,1989
113,angAL0NE,1648
114,AcDeputatovaDi,1492
115,angSoutz,0
116,Đào 93,0
117,SPKapiBara,0
118,MadFluffy,0
