#,Governor ID,Governor Name,Camp,KD,Power,Power Diff,KP,T4,T5,Dead,Acclaim,Healed,PTS,Trades,Kill Points,Death Points,Heal Points
10,210198531,ᵏᵏLostCause,III,3923,60865164,16002296,87068614,7715360,488223,0,0,3546612,35743670,122.75,,,
18,210237494,K҉k҉WarMedusa,III,3923,66441517,18715719,61313943,5045428,381389,55907,0,2303629,24834207,129.93,,,
23,210321924,fetihler Has,III,3923,4075110,-199632,1031613,78958,0,1366007,0,1102646,20805937,2.09,,,
47,210387545,ᵃⁿᵍFluffy,III,3923,76094250,17235803,33152493,2522009,183369,29424,0,591572,12363086,266.93,,,
73,210002710,Thor x҉ 23,III,3923,48543884,21710511,25429238,2001917,98129,22429,0,1215033,9325393,102.75,,,
88,210305230,Đảo 93,III,3923,10884332,1418390,5437863,95536,0,522585,0,370225,8220919,30.45,,,
100,209971164,ᴬᶜmonkey d,III,3923,18743872,5718967,18922111,1808831,40679,0,0,2535357,7642114,37.32,,,
102,209749530,ккTôm Lazy,III,3923,19886790,5049674,18354809,1573523,76481,33911,0,1632592,7567567,55.07,,,
119,210359058,nen van minh,III,3923,3594870,-79164,806571,58023,0,438222,0,265928,6805422,5.73,,,
130,206373752,Dｅｗａkipas,III,3923,4509194,-1537027,464550,13451,16502,418475,0,0,6495949,,,,
146,210315446,Mesterian,III,3923,3984696,173142,904229,39786,0,387395,0,103384,5970069,9.21,,,
180,209787982,๛Pancakes๛,III,3923,32685323,4165846,12395764,1016256,111281,0,0,902667,5177834,68.66,,,
181,210319349,MrDamat,III,3923,3337638,68492,147530,14753,0,336101,0,160093,5100527,,,,
190,210317712,Hải Oanh,III,3923,4268011,309603,1315271,109816,0,303853,0,411058,4997059,9.20,,,
207,210148849,gotosleep,III,3923,23142375,-118524,748460,10250,32298,288036,0,26032,4684520,,,,
208,210356636,ᴷᴷJubilife,III,3923,10705562,3396650,8280171,502740,16372,166088,0,1196837,4666000,30.38,,,
210,210311766,JALOL UBEK,III,3923,4339255,374369,290391,27290,0,294455,0,277824,4525985,,,,
216,209775053,ккSaver54,III,3923,19880419,3162903,10555590,863379,96090,1,0,1030118,4414431,51.23,,,
217,209753214,ᵏᵏReaperXxX,III,3923,20467831,3603923,10928297,986757,45709,0,0,1616086,4404118,33.81,,,
219,210332603,Treeville,III,3923,3301408,493160,389003,34848,0,281222,0,426772,4357722,2.75,,,
235,210350768,ミーを愛している,III,3923,3007873,-881193,131580,0,6579,274701,0,0,4186305,,,,
244,210365502,Збараж,III,3923,8897458,1442980,2354114,130713,0,232217,0,483416,4006107,16.45,,,
246,210353478,A tổnđầyVN,III,3923,4077499,-8202,1928150,118522,0,235090,0,771699,4000438,9.58,,,
251,210308477,Tino39,III,3923,4995092,745154,189874,9683,4434,258093,0,197798,3954467,,,,
254,210321375,Hitlar,III,3923,3050303,-926234,1674709,65768,0,243886,0,33580,3921362,30.18,,,
258,209752455,кк Asmodeus,III,3923,20199548,3414405,9277034,752182,87515,0,0,890647,3883878,52.08,,,
272,210358546,KimiRaikkonen 7,III,3923,6579585,1683057,1936780,58793,2821,232370,0,365236,3748932,16.20,,,
277,210330926,NhanNai,III,3923,6355529,1070438,165371,16532,0,237316,0,295022,3625868,,,,
278,209694060,ᵏᵏMG3,III,3923,18760626,3241396,8686078,737503,65030,556,0,2081274,3608652,20.86,,,
283,210108666,YunoOne,III,3923,9702598,2952992,2228017,5115,4530,230271,0,351379,3519825,19.15,,,
286,210196059,ᵏᵏＲｅｖ,III,3923,15915936,3901931,8181170,653089,82514,0,0,1773645,3437496,23.06,,,
293,210332178,Volynyaka,III,3923,3447325,-1066678,183254,3888,7202,217365,0,0,3348047,,,,
296,209919261,Lazylol,III,3923,15753781,2152899,7761806,571531,75211,18938,0,949709,3322304,40.07,,,
304,209805042,ʞʞOxnayz,III,3923,24731743,5321370,7735558,632559,70496,0,0,730868,3235196,52.92,,,
307,210197263,кк TowMater,III,3923,23174377,2822276,7521440,568458,89982,676,0,1227783,3183792,30.61,,,
310,210317668,loideptrais1,III,3923,3133416,-260076,712346,38547,0,198209,0,94341,3127323,12.17,,,
324,210139559,кк MuRasaki,III,3923,18106155,4045586,7608818,699728,22789,0,0,913677,3026802,41.64,,,
328,210184352,ккGivnofks,III,3923,13897225,2263267,6813076,512334,73049,15602,0,1915015,3013856,17.64,,,
332,210152988,ᵏᵏHEWO,III,3923,26256144,6179364,7146687,574810,69692,0,0,1014317,2996160,35.23,,,
334,210308772,DieAnotherDay54,III,3923,3638536,207202,663349,41257,0,187499,0,473297,2977513,5.02,,,
335,209649700,кк Fszcząs,III,3923,17249177,2825305,7254795,649157,37384,0,0,1022315,2970468,35.48,,,
339,210421691,Løbó,III,3923,8283179,2178846,3915644,52807,0,182853,0,343806,2954023,37.17,,,
341,209776755,MrMadMonkey,III,3923,17528814,4289584,7172392,642751,36095,0,0,1229143,2931954,29.18,,,
351,210298779,Fenrir84,III,3923,4644607,439315,729644,40595,0,176954,0,310213,2816690,7.49,,,
357,210363876,anyannnn,III,3923,4687408,642661,454707,9936,0,178173,0,175168,2712339,6.43,,,
358,210206328,A1122,III,3923,9151474,2286815,992031,75498,6688,155769,0,1021368,2705407,4.21,,,
367,209931446,PorSuk,III,3923,4432797,432800,1658809,105370,0,147410,0,700500,2632630,9.78,,,
375,210299376,ghost hunter 08,III,3923,9957405,2672025,358856,21229,0,165877,0,228055,2573071,4.55,,,
376,209759415,Sa đoạ 42,III,3923,7599654,-130768,3033398,139577,0,133473,0,511851,2560403,23.50,,,
377,210412502,ᵃⁿᵍMoNkE,III,3923,11043461,2905241,1521738,877,0,170318,0,171473,2558278,22.26,,,
378,209683955,кк Nam,III,3923,15078471,2764322,6194720,551948,33324,0,0,926217,2541032,33.44,,,
383,209749923,ᵏᵏGru,III,3923,20959915,6010037,2312672,162839,30449,100122,0,742975,2457676,13.72,,,
384,209890171,LuLuLaLa,III,3923,18959013,3144817,5888526,483972,52163,0,0,760464,2457518,38.72,,,
389,210390745,ᵃⁿᵍBáOo,III,3923,13887560,4447171,3929048,159486,3206,116331,0,482594,2414969,32.80,,,
390,209830111,ᴬᵛBlizt,III,3923,15686847,3504879,5692122,435141,66934,0,0,1041451,2409904,27.33,,,
392,210423049,ᵃⁿᵍCain,III,3923,10059362,2292244,1898393,53523,0,145378,0,299042,2394762,21.36,,,
398,211280516,Bắp Gia Ljnh,III,3923,4915081,69667,264606,0,0,158154,0,0,2372310,,,,
406,210458222,김태평,III,3923,3298020,-104228,671325,0,0,152016,0,369,2280240,,,,
415,209749456,McMidgetMommy,III,3923,20316808,4349341,5112560,383778,63739,0,0,891230,2172502,28.68,,,
417,209625931,ккSWAT,III,3923,16831682,3294864,6465593,310125,3355,58829,0,697421,2156485,42.75,,,
421,210369650,Thanh Nam k3,III,3923,6193450,-129098,338470,33847,0,132687,0,151350,2125693,5.96,,,
423,210345743,Furkancq,III,3923,4953306,1171423,349098,16960,0,135581,0,112774,2101555,7.03,,,
425,210400254,ᵃⁿᵍBBQSGE,III,3923,17828570,5369285,6890494,390640,14419,25023,0,493810,2082095,66.40,,,
426,210523463,CZAʆhieu12345h,III,3923,10246461,2583242,3765685,119142,7799,101777,0,537783,2081213,29.44,,,
427,210298691,モニタリング,III,3923,9821306,2151348,1825364,158341,0,96426,0,149961,2079754,37.04,,,
431,209759877,Faust x҉ 23,III,3923,18930964,3642837,4183865,367686,24805,22245,0,949734,2052469,21.52,,,
434,210159848,ᴷᴷ Slarre,III,3923,16632117,4132909,4738050,340804,66414,0,0,773297,2027356,30.64,,,
450,210420734,ᵃⁿᵍYuno,III,3923,4101814,863558,951864,35758,0,119752,0,348405,1939312,10.17,,,
452,210166702,ᵏᵏMisterSqa,III,3923,19822133,7297441,4717230,431489,20117,0,0,1162323,1927126,20.29,,,
457,210741085,xHokagee,III,3923,5309620,1395272,834835,0,0,126078,0,85060,1891170,19.77,,,
464,210268323,PђสRสøђ,III,3923,12700572,2664876,4579403,415467,19427,0,0,446762,1856138,51.25,,,
468,209757626,ᴬᶜSnowphiee,III,3923,15553191,2790559,4433156,322376,52550,0,0,1184099,1815004,18.72,,,
469,210338940,TOGEPİ57,III,3923,4300713,598320,678144,958,0,120476,0,56233,1810972,19.19,,,
473,210417810,ᵃⁿᵍRaijin,III,3923,17204969,5767910,4388860,395302,19087,783,0,784240,1783823,27.95,,,
480,194095832,ᵏᵏ Ragnar,III,3923,8712971,1904309,4255940,364904,29828,0,0,818600,1757896,26.00,,,
485,209833497,ᵃⁿᵍBun,III,3923,22982335,5439421,4160270,350867,32580,0,0,777642,1729268,26.75,,,
487,209749783,๛Shiba๛,III,3923,15043980,2250214,3992465,213665,37066,33057,0,771254,1721175,24.82,,,
500,210416938,ᵃⁿᵍCalca,III,3923,16232099,4221287,3053222,275484,7111,32551,0,367481,1661311,38.16,,,
502,209800887,chithethoi9999,III,3923,4636638,117345,1351139,0,0,109864,0,866,1647960,61.01,,,
504,210369193,Hoadaijin,III,3923,4497842,727645,341782,30893,0,101131,0,135409,1640537,7.22,,,
515,210349240,Kama0201,III,3923,4894453,1064765,886252,37583,0,94767,0,382267,1571837,9.29,,,
532,210269484,ᵏᵏVenus,III,3923,17695046,4957224,3741200,366944,3588,0,0,661751,1503656,28.27,,,
535,210333282,Корова1,III,3923,3138628,236131,242055,17330,0,95305,0,84082,1498895,,,,
536,209816068,ᴿᵁCHEZEE,III,3923,13727879,2656203,3017871,297880,0,20151,0,168165,1493785,80.13,,,
539,210365759,Sinh ngo,III,3923,7609705,1546792,997624,0,0,98681,0,34381,1480215,37.49,,,
548,210354476,ᴬ Tobin6969,III,3923,15236339,3378197,1448671,6921,0,94722,0,109815,1448514,35.41,,,
552,210523172,Chaos x҉ 23,III,3923,18033996,4224639,3325190,243085,44717,0,0,1102851,1419510,15.08,,,
554,209808387,ᴷᴷFOLH,III,3923,11556598,2241892,3329066,245629,43615,0,0,1013893,1418666,16.42,,,
558,209860830,кк Stephenц,III,3923,6113321,1507978,1421662,75157,5707,69475,0,690672,1399823,9.35,,,
559,210323286,ккZuro,III,3923,5442504,1726095,2743731,182221,28490,25179,0,1162454,1391469,11.55,,,
562,210352136,jinsakai310,III,3923,4650218,423497,540105,36592,0,82327,0,282109,1381273,7.41,,,
570,210346332,king choudhry,III,3923,3373579,578558,312111,0,0,90340,0,13345,1355100,,,,
571,209862333,Zaebali,III,3923,12760306,3410434,3493061,279739,23415,0,0,596076,1353106,29.30,,,
574,210391920,danjc76,III,3923,8515221,2234893,2357174,129604,0,54735,0,220746,1339441,42.78,,,
575,210639069,ккhoàng long,III,3923,7370046,2273421,2108231,91370,267,64661,0,301994,1338065,28.75,,,
581,209820045,кк GNight,III,3923,26339264,5642590,3582992,224116,24521,12076,0,543795,1322814,32.23,,,
586,210404609,ᵃⁿᵍTombuk,III,3923,9610649,1997401,462807,21236,0,80726,0,137141,1295834,10.62,,,
589,210339198,Minasterite,III,3923,3266536,560454,249436,15647,0,81537,0,168723,1285643,,,,
590,211033225,ᵃⁿᵍBryanF,III,3923,3494380,734812,318000,31800,0,77014,0,193811,1282410,5.87,,,
596,209916570,ᴷᴷ Mưaツ,III,3923,21428691,6170522,3028881,270182,15937,1750,0,227287,1266348,66.12,,,
601,209864436,ᵏᵏMajeste80,III,3923,12386999,3075854,2967340,241022,27856,0,0,912578,1242648,16.26,,,
611,209929669,ᵏᵏ MTrang,III,3923,20576438,3281973,2891870,244539,21545,0,0,741420,1193606,19.50,,,
613,210742295,ᵃⁿᵍFunny,III,3923,20490011,5995509,2949643,262688,13996,0,0,643551,1190712,22.92,,,
615,209848954,Fluffy Queen,III,3923,18258511,4742861,3061372,297084,0,0,0,495574,1188336,30.89,,,
618,209635544,ᵏᵏRegina,III,3923,17987145,3360398,2025815,134395,14332,33572,0,658860,1184480,14.63,,,
623,209802987,Kizan X,III,3923,17850637,2037688,2890692,272178,8402,0,0,716024,1172732,20.19,,,
627,210363800,Lord Zein,III,3923,3581375,868172,264277,4834,0,75744,0,164920,1155496,,,,
629,209837387,ᴅʀ Rajah117,III,3923,15562546,3600142,2823454,255808,12934,60,0,823854,1153472,17.13,,,
630,208514997,Furkanz,III,3923,5522445,-648051,162680,0,8134,71225,0,895,1149715,,,,
641,210419804,ᵃⁿᵍSway2x,III,3923,5720902,1041509,608588,0,0,74864,0,30345,1122960,28.92,,,
647,209651972,DK MURAN,III,3923,17808742,3036290,2658137,229197,18199,0,0,613408,1098778,21.67,,,
652,210400163,TiGERGiRL,III,3923,9783969,1837756,1267010,62522,17939,43766,0,945410,1085968,6.40,,,
655,209780912,K҉k҉ NicohZen,III,3923,21443641,6029170,3157324,205232,8187,11221,0,648418,1071113,23.93,,,
658,209828835,кк REKT,III,3923,21411752,4544270,4949767,231047,12977,0,0,355219,1053958,69.67,,,
679,209664900,ᵏᵏSmokinliz,III,3923,23095695,7109062,2388740,203550,17662,0,0,484980,990820,24.63,,,
685,209751878,кк〤林Tooty,III,3923,14860163,2145796,2320215,187635,22104,0,0,607051,971580,19.11,,,
686,210317411,camer,III,3923,6950017,1320410,211052,964,0,64451,0,50141,970621,,,,
687,209601333,ккUribo,III,3923,16424490,2020280,2462570,213341,11237,0,0,568215,965734,21.67,,,
693,210332459,KingTeo,III,3923,7560274,1154806,1061760,16800,0,58622,0,11723,946530,75.47,,,
697,209814753,SWAT FARM1,III,3923,3092564,296565,234408,0,0,62463,0,230843,936945,,,,
702,209606370,Dela Steven,III,3923,11515166,1571355,2276590,211687,7986,0,0,415772,926608,27.38,,,
705,209660389,кк Rozz,III,3923,16469312,3414686,2121260,145138,33494,171,0,565493,918057,18.75,,,
708,209750838,ᵃⁿᵍBbyVix,III,3923,30573974,1993853,2127190,153213,29753,0,0,396464,910382,26.83,,,
711,210315145,unlimit,III,3923,13535155,4525335,757834,6984,0,58633,0,182806,907431,15.69,,,
713,210297168,PTQ 8 PRIME,III,3923,11857923,1806294,2203270,195633,12347,0,0,553360,906002,19.91,,,
714,210355372,Sofiane75,III,3923,7010157,1410824,1658804,114413,0,29672,0,810566,902732,9.87,,,
720,209900156,ᵏᵏ TrDat,III,3923,20303956,3852760,2085040,162730,22841,0,0,625991,879330,16.65,,,
737,210354560,77ANTONIA77,III,3923,3905181,656560,183146,15642,0,52888,0,118019,855888,,,,
738,209750465,ᴷᴷHàUyển,III,3923,12459331,3552915,2072754,186845,9849,0,0,491257,845870,21.10,,,
741,209805471,BỉNgạnHoa,III,3923,18378484,4508123,2156469,209467,0,0,0,385891,837868,27.94,,,
748,210377285,Fluffy Lover,III,3923,12550282,3230935,2412996,184916,8662,0,0,454466,826284,26.55,,,
749,209750614,Opps  x҉  23,III,3923,9677864,2555358,1715188,133572,15479,9122,0,897449,825908,9.46,,,
750,209673553,復讐2,III,3923,14147242,2922977,2031943,188586,7135,0,0,807841,825694,12.58,,,
771,209826526,ᴬᶜ Adrianus,III,3923,7013682,1534765,637758,0,0,52256,0,19907,783840,44.19,,,
772,209629710,AKacemᴷᴷ,III,3923,15230452,2515099,1811390,129811,25664,0,0,455757,775884,19.87,,,
774,209766852,кк AE2907,III,3923,17002546,2491041,1905252,179826,5234,81,0,502896,772859,18.94,,,
777,209835420,ᵃⁿᵍSsOren,III,3923,10222948,2006733,1246276,19810,0,46090,0,233057,770590,22.32,,,
782,210397851,ᵃⁿᵍSuntzu,III,3923,54265198,31394504,1881500,170829,7993,0,0,557915,763246,16.86,,,
785,210341786,BlueJaguar777,III,3923,5091966,1291507,293010,933,0,50181,0,87569,756447,,,,
789,210432617,Doorgaan22,III,3923,3071226,214727,242457,4112,0,48719,0,81999,747233,,,,
790,209817150,neoeyup,III,3923,6204978,1388040,3006983,112351,0,19844,0,551257,747064,26.33,,,
804,210415031,ᵃⁿᵍZETMA,III,3923,12770974,2873836,1786796,178566,0,0,0,396571,714264,22.53,,,
807,210342539,Герой84,III,3923,8580906,1635278,993069,44909,0,35248,0,185659,708356,22.48,,,
813,209759230,ᴷᴷ EメiT,III,3923,12764979,1742943,1648500,121584,21633,0,0,906975,702666,9.09,,,
823,209914751,ᵃⁿᵍHãdes,III,3923,17456147,4045250,1702850,170285,0,0,0,697246,681140,12.21,,,
830,209636800,ᴿᵁSkyLord,III,3923,12179864,3681384,1939126,157889,4422,0,0,623285,675776,15.56,,,
835,210398945,BeGod,III,3923,5851560,1275757,594306,36919,0,34768,0,50761,669196,34.74,,,
840,209877866,Fluffy Jester,III,3923,13630197,3470415,1790453,165875,0,0,0,333956,663500,26.81,,,
844,209610579,BagueArt69,III,3923,17198193,4211547,1555760,121528,17024,0,0,539448,656352,14.42,,,
845,210416768,ang wolf9514,III,3923,9143820,1693206,636681,20056,0,38235,0,48440,653749,36.73,,,
846,210402335,ᵃⁿᵍKomVD2,III,3923,10341951,3428562,1525685,104956,4574,12336,0,465637,650604,15.96,,,
848,210326988,fers wan,III,3923,7542027,1036139,181614,18127,0,38319,0,223750,647293,,,,
851,210408959,DaniloLunaRocky,III,3923,6782057,1850990,861533,71543,0,23732,0,105193,642152,33.41,,,
856,209902948,ᴷᴷERRK,III,3923,25093528,7044568,1503410,120261,15040,0,0,143088,631444,52.53,,,
857,209598956,кк B A S I L,III,3923,20673608,5119557,1508250,124133,13346,0,0,566271,629992,13.32,,,
858,209924873,Batussai,III,3923,9772017,1303924,1482660,109692,19102,0,0,448599,629788,16.53,,,
873,210400604,メ Krai,III,3923,7880722,1769261,1493233,135675,6772,0,0,472441,610420,15.80,,,
876,209807759,кк メAzujiメ888,III,3923,21759816,2576733,1406570,98505,21076,0,0,280536,604780,25.07,,,
881,209833512,ᵃⁿᵍGHOST,III,3923,9881342,1740958,349860,34852,0,30737,0,292536,600463,5.41,,,
883,209981165,ᴷᴷBear,III,3923,15772683,2653114,1386120,96500,20848,70,0,476922,595530,14.53,,,
885,209843991,ᵏᵏTheElders,III,3923,20093117,4184651,1427866,118162,12101,0,0,543820,593658,13.13,,,
904,209778568,Lio iwli,III,3923,8122528,1454226,1188916,35727,0,28063,0,48221,563853,77.93,,,
919,209888614,ᴸᴹ GiuliaFC,III,3923,11039369,2289352,1281236,100734,13577,0,0,387077,538706,16.55,,,
928,209836569,ᵃⁿᵍKaiLey,III,3923,12651523,1760820,1662241,14317,0,31177,0,160044,524923,43.46,,,
932,209749934,ᴷᴷTootyFan,III,3923,13609460,2501789,1273644,117974,4623,0,0,146490,518126,43.47,,,
935,209854059,Donjon 3917,III,3923,12357079,1686588,1277947,119347,3748,0,0,481031,514868,13.28,,,
938,209618754,ᴬʷ BuLu,III,3923,17455607,1706857,1233420,106500,8421,0,0,403285,510210,15.29,,,
939,210373664,义SØUTĦ义,III,3923,8902877,1719696,475030,24546,5792,23548,0,425259,509324,5.29,,,
941,206738505,ᵃⁿᵍ FRODO,III,3923,13376808,4104268,1264540,126454,0,0,0,217568,505816,29.06,,,
945,210389379,ᵃⁿᵍBryan,III,3923,10124057,3068415,2177890,93616,12855,0,0,747605,503014,14.57,,,
954,209824686,ᴬᶜT U R B ㋡,III,3923,14418003,3545556,1193620,101184,9089,0,0,397240,495626,15.02,,,
970,210415804,Sysstem,III,3923,74637029,13688966,2291299,0,27310,13685,0,242596,478375,44.70,,,
971,190981366,OSMANⁿBEY,III,3923,10246428,2445925,1246945,96353,780,5579,0,537606,476897,11.48,,,
974,210326713,SkullRuler,III,3923,8811409,2050468,1259700,118562,0,0,0,149223,474248,42.21,,,
975,209749551,кк Jonesy12,III,3923,16338166,3444799,1081930,66807,20693,0,0,490608,474158,11.03,,,
977,210134848,ᴷᴷPALESTINE,III,3923,13844562,2888563,1084430,69489,19477,0,0,908670,472726,5.97,,,
979,209800733,кк Escipion,III,3923,11410994,2704665,1647660,105330,5021,0,0,412496,471530,19.97,,,
981,210378553,DEMETR,III,3923,4850526,1131822,209086,0,0,31419,0,112445,471285,,,,
984,209775107,j4fun1,III,3923,19581411,3636928,1104520,83088,13624,0,0,399187,468592,13.83,,,
985,210024718,ᵃⁿᵍNhi,III,3923,10398530,2237866,1615455,116376,0,0,0,157801,465504,51.19,,,
986,210512736,ᴮᴿGOLIAS,III,3923,11516839,2248526,1152380,111714,1762,0,0,624660,464476,9.22,,,
987,210378216,ᵃⁿᵍ cloud,III,3923,19060167,4640053,1107510,90799,9976,0,0,388027,462956,14.27,,,
997,209754510,ᵏᵏTexas07,III,3923,19839886,5818398,1978962,67712,18193,0,0,588213,452778,16.82,,,
1027,210386613,ᵛᵒChriss33,III,3923,16501596,4291041,1034830,92001,5741,0,0,485381,425414,10.66,,,
1030,209848896,Antichrist666,III,3923,7043842,1175380,520542,21288,0,22445,0,25606,421827,,,,
1031,209845460,кк Cipri,III,3923,16112075,2659752,996330,77767,10933,0,0,426646,420398,11.68,,,
1037,209681128,кк Feuger,III,3923,18554765,1986216,995790,85431,7048,0,0,216125,412204,23.04,,,
1040,210398113,Castj,III,3923,5636200,1384011,827310,42950,0,15519,0,149956,404585,25.00,,,
1042,209838675,ᵃⁿᵍMilos,III,3923,11180581,2471573,960380,76634,9702,0,0,526802,403556,9.12,,,
1043,209598341,NoPassaram,III,3923,19612056,4337430,991092,91738,3576,0,0,268105,402712,18.48,,,
1051,209838551,OsaBloodWarrioR,III,3923,12831961,2280005,749104,63653,0,8712,0,181470,385292,19.69,,,
1057,209830931,ᵃⁿᵍGiaHuy,III,3923,19622860,1869458,978357,84019,0,2782,0,164467,377806,29.25,,,
1062,210329060,Produs,III,3923,9805264,3220322,368090,8670,4184,19825,0,400842,373895,4.38,,,
1064,210294462,кк〤むぎロイmugi,III,3923,13919359,1970288,978640,65163,4622,4143,0,527400,369017,9.21,,,
1068,210400735,Classic071,III,3923,12021243,2749621,1182061,29842,0,16457,0,123816,366223,42.13,,,
1071,210296479,ななせ,III,3923,11679823,2015624,446300,42366,0,12418,0,221597,355734,9.54,,,
1073,210439494,ˢᴸGouverneur,III,3923,12378552,2677204,878550,87855,0,0,0,530012,351420,8.29,,,
1076,210372172,ᵛᵒKaido父,III,3923,10020755,2989808,815840,59640,10972,0,0,592069,348280,6.89,,,
1082,210395492,EF SầuVôLệ,III,3923,9998577,1275968,1043643,84692,0,256,0,234631,342608,22.22,,,
1089,210425059,ᵃⁿᵍNolie,III,3923,9460986,2557650,343417,15462,0,18212,0,145133,335028,10.51,,,
1095,209790793,ккSchnappo,III,3923,13341534,2031502,800150,69391,5312,0,0,212734,330684,18.81,,,
1105,210039309,LeonDD44,III,3923,5750319,1139683,206139,20560,0,15767,0,190657,318745,,,,
1109,209756381,BINH F2P,III,3923,10491986,2731837,786800,78680,0,0,0,242704,314720,16.21,,,
1111,210308046,Vsevius,III,3923,4083860,928464,164820,16482,0,16559,0,92528,314313,,,,
1113,210353353,TODOS JUNTOS AD,III,3923,3222946,212268,66540,5949,0,19286,0,48254,313086,,,,
1114,210331194,Isko 123,III,3923,9241113,2084675,809908,77642,0,0,0,210175,310568,19.27,,,
1121,210684673,Queen of Chaos,III,3923,11882715,2826534,753872,75202,0,0,0,278573,300808,13.53,,,
1123,209830253,angCrus8r,III,3923,16059145,146500,746740,74674,0,0,0,134121,298696,27.84,,,
1124,209876359,ᵃⁿᵍFnDuke,III,3923,14718961,3974328,787962,74597,0,0,0,745554,298388,5.28,,,
1126,210474170,ᵃⁿᵍPanh,III,3923,13736736,3697321,714100,63676,3867,0,0,386296,293374,9.24,,,
1133,210434271,ᵃⁿᵍCowl,III,3923,9645014,2197620,367140,26736,0,12046,0,215296,287634,8.07,,,
1137,209754737,bukopieF1,III,3923,4572515,843279,227352,0,0,18791,0,29130,281865,,,,
1138,209876032,kortik1982,III,3923,8817070,1632211,634802,41461,10770,504,0,740315,281104,4.28,,,
1145,210320592,ᵏᵏJonnymen,III,3923,8381074,2006968,607630,34795,12984,0,0,551273,269020,5.51,,,
1151,210350189,ArtyomO,III,3923,7731315,1435770,82313,0,0,17321,0,36250,259815,,,,
1156,210462307,ᵃⁿᵍLukes,III,3923,12249320,4196114,636840,61318,1183,0,0,371967,257102,8.56,,,
1170,209753418,ккCombatENG,III,3923,13127905,186505,589920,58992,0,0,0,12891,235968,,,,
1173,209606959,ккNaraci747,III,3923,11679803,1265119,538469,32125,10628,0,0,168333,234780,15.99,,,
1180,210328210,ᴬ legioneSPQR,III,3923,11128932,2688346,576320,42880,334,3648,0,389801,229580,7.32,,,
1182,210447160,LeviHI,III,3923,10185405,543230,490193,23154,0,8749,0,35833,223851,,,,
1184,210328643,Mukhammad 100,III,3923,3786618,939771,98791,0,0,14908,0,19444,223620,,,,
1185,210382546,Larsius IV,III,3923,7612122,2020569,509357,29624,0,7007,0,136617,223601,17.73,,,
1187,209851798,ᵃⁿᵍXtelli,III,3923,11469977,2680123,519570,36859,7549,0,0,142720,222926,18.20,,,
1192,210606111,ᵃⁿᵍgabbo,III,3923,4976860,1261942,256813,8029,0,12284,0,175280,216376,,,,
1199,210329563,AF BANGKA 1,III,3923,4901863,1500961,120901,0,0,14192,0,4862,212880,,,,
1200,209797535,ˢᴸˢKhalid,III,3923,3127047,162816,105870,1955,0,13601,0,69274,211835,,,,
1203,210306246,Barba alba,III,3923,9330322,1694684,313232,0,0,13815,0,130080,207225,10.88,,,
1208,210399669,bySel,III,3923,9818750,2719913,466490,30999,7825,0,0,460402,202246,5.07,,,
1214,209638686,Máximoss,III,3923,14613967,2647060,489122,48735,0,0,0,170740,194940,14.32,,,
1219,210177837,ᵏᵏFrifaa,III,3923,12381666,2775191,435620,27902,7830,0,0,437830,189908,4.97,,,
1220,210446468,ᵛᵒZelsii,III,3923,10403005,2406666,455820,39546,3018,0,0,298522,188364,7.63,,,
1225,210402194,Enes1111,III,3923,10539443,2729228,588234,45664,0,0,0,333349,182656,8.82,,,
1228,210417866,ᴿᴷTuranBoy,III,3923,6785801,1524857,389870,17249,10869,0,0,407314,177686,4.79,,,
1229,209831250,ᵏᵏQNhư,III,3923,16284736,2224488,440812,25572,7506,0,0,252055,177348,8.74,,,
1235,210377239,Apollo ㋡,III,3923,4245125,866380,259817,25754,0,4838,0,91721,175586,,,,
1239,209760251,mukamo f1,III,3923,4092429,877038,71035,0,0,11315,0,4405,169725,,,,
1240,210181820,ᴮᵒᵒThanos,III,3923,8691239,1581658,423900,42390,0,0,0,164302,169560,12.90,,,
1241,211614875,ᵃⁿᵍTomb2,III,3923,3418249,384633,106516,2802,0,10525,0,226,169083,,,,
1246,210310277,ккMakinalı,III,3923,16849527,4516216,350780,10606,12236,0,0,446433,164784,3.93,,,
1260,209979349,ᵛᶰ kenji,III,3923,11569687,3022411,396233,37604,0,0,0,263072,150416,7.53,,,
1261,210344652,yxqrs575,III,3923,9390236,1737043,373630,37363,0,0,0,357198,149452,5.23,,,
1262,210364629,LeahnMark,III,3923,5889262,801948,427494,37079,0,0,0,209822,148316,10.19,,,
1264,210381481,A๖Tín S18,III,3923,4171417,300004,53458,0,0,9853,0,336,147795,,,,
1266,210322129,ᴮᴳUrVerie,III,3923,4308161,230497,27616,2692,0,9101,0,43133,147283,,,,
1267,210374268,Zdrawee,III,3923,11703026,2924299,367733,36728,0,0,0,189551,146912,9.70,,,
1275,209716168,кк Burhan34,III,3923,14180630,2838906,325360,21164,5686,0,0,248236,141516,6.55,,,
1281,209954434,ᵏᵏPhoenix,III,3923,11331502,66301,308220,16944,6939,0,0,62497,137166,24.66,,,
1287,210395593,ᵃⁿᵍgolny,III,3923,4904055,1230044,235218,0,0,8929,0,107021,133935,,,,
1289,209759750,PiPiKaChuu,III,3923,21214912,3781936,319050,26631,2637,0,0,274863,132894,5.80,,,
1290,209943948,ᵃⁿᵍClayFM,III,3923,13549745,3439161,331110,33111,0,0,0,172094,132444,9.62,,,
1297,209885978,ᵃⁿᵍsóc,III,3923,10762846,2138608,283970,13497,7450,0,0,151066,128488,,,,
1302,211010346,KKA gonfie vele,III,3923,9749754,2322814,297870,23617,3085,0,0,375467,125318,,,,
1303,209880761,Fįghter,III,3923,10357683,3218049,286390,18701,4969,0,0,370240,124494,,,,
1305,209619769,GLordMai,III,3923,11674810,3422482,308860,30886,0,0,0,360495,123544,4.28,,,
1307,209931388,KING IZZY 1,III,3923,13876997,3545567,306910,30691,0,0,0,297141,122764,5.16,,,
1308,209755400,ang Geentg,III,3923,10855008,2674971,304930,30493,0,0,0,173104,121972,8.81,,,
1316,210347793,natalya777,III,3923,6728821,1512761,409747,29677,0,0,0,135060,118708,15.17,,,
1320,209788158,GodzillaKilla,III,3923,10554652,3365042,290940,29094,0,0,0,200341,116376,,,,
1324,209903928,ᵃⁿᵍAdegi,III,3923,9456099,2414531,273970,22595,2400,0,0,247412,114380,,,,
1326,210337352,KalandorAlTor,III,3923,4682032,1108844,157701,0,0,7534,0,28517,113010,,,,
1329,210346359,Fab120505,III,3923,4616547,763678,322316,27874,0,0,0,35343,111496,,,,
1331,209855836,ᴬᴳ ʙᴛᴘ,III,3923,14500952,4120350,272770,27277,0,0,0,185082,109108,,,,
1334,210335077,TURAN80g,III,3923,13724716,4541134,431057,26957,0,0,0,345524,107828,6.24,,,
1335,210410717,IDN 45 RI,III,3923,4268966,862579,42342,3989,0,6111,0,9738,107621,,,,
1336,209803567,ᵏᵏRobredo,III,3923,15278100,3495052,268564,26304,204,0,0,250096,107256,,,,
1341,212242079,Queen Daphne,III,3923,6728758,1859516,265766,26298,0,0,0,230950,105192,,,,
1342,210358090,SalawatiR4,III,3923,3795911,562279,64285,0,0,6998,0,19642,104970,,,,
1345,210159204,кк Padang,III,3923,17076186,3787264,266972,25940,0,0,0,270378,103760,,,,
1350,209792288,Nerak25mn,III,3923,8125822,1319260,252680,25268,0,0,0,30525,101072,,,,
1355,209834208,ᵃⁿᵍSonk8,III,3923,16162377,2952311,244650,24465,0,0,0,111919,97860,,,,
1356,210084771,Bshusttt,III,3923,6616485,1587875,141682,7277,0,4572,0,45094,97688,,,,
1357,210340368,CốTớiChết,III,3923,7776350,1358898,269324,24393,0,0,0,126998,97572,,,,
1358,210337666,kneep,III,3923,3546122,792735,81022,0,0,6479,0,70169,97185,,,,
1359,210198128,кк Butcher,III,3923,18599693,4846876,344798,24295,0,0,0,315182,97180,5.47,,,
1373,210327374,ᴬ P Rok,III,3923,6341431,1024558,1531674,0,0,6070,0,230088,91050,32.43,,,
1374,209839223,ᵃⁿᵍDraken,III,3923,15616839,3454145,227300,22730,0,0,0,167519,90920,,,,
1376,210368121,Dungeon ruler,III,3923,8611394,2040171,303610,13402,0,2460,0,150001,90508,9.96,,,
1378,210548313,Lunesᴮᴿ,III,3923,3701668,442944,331170,3223,0,5155,0,74582,90217,20.77,,,
1382,209791212,Ťhe文ƔladD,III,3923,17371846,2420698,189861,3151,7611,0,0,190645,88714,,,,
1392,210294416,メ ᴬ GABBRO メ,III,3923,7260161,1383209,209370,20937,0,0,0,143645,83748,,,,
1400,210299914,Иван 1,III,3923,4269659,1240443,195900,19590,0,0,0,56369,78360,,,,
1405,209673626,ᴬʷ Kozak,III,3923,17211252,3021572,191810,19181,0,0,0,203189,76724,,,,
1406,209950935,Aminvn22,III,3923,8775003,1932236,297848,19022,12,0,0,213537,76208,,,,
1410,210378739,k҉k҉Danis 47,III,3923,11938000,2899370,374585,18595,0,0,0,363972,74380,5.15,,,
1411,210366253,tuanminh234,III,3923,3650189,650177,58865,0,0,4940,0,7469,74100,,,,
1412,210377024,DaRkNatO,III,3923,14035177,3208648,259076,18360,0,0,0,422902,73440,,,,
1417,209835581,Rонка,III,3923,8912568,1748115,184874,18009,0,0,0,225106,72036,,,,
1419,210692729,ккKing Mithra,III,3923,4954091,1244991,176837,15900,767,14,0,203299,71480,,,,
1422,210342070,Era313,III,3923,4188128,891953,48262,0,0,4694,0,4539,70410,,,,
1423,210358834,ᵏᵏ John117,III,3923,7152482,1848562,153260,6426,4450,0,0,211439,70204,,,,
1424,210372153,GÜNTÜR,III,3923,8507588,1344130,119166,0,0,4680,0,50068,70200,,,,
1426,209761288,ккtalktmyhand,III,3923,7138363,1757048,531694,0,0,4605,0,92053,69075,27.50,,,
1434,210313224,メккREIJACK,III,3923,6887424,1869721,158450,13999,923,0,0,285741,65226,,,,
1435,210361050,Queiroz RJ,III,3923,4305940,927748,76975,0,0,4305,0,18329,64575,,,,
1437,209896407,なるひこ,III,3923,12628327,2048049,110258,8263,0,2047,0,103652,63757,,,,
1440,210294270,Cabroon,III,3923,5647589,1488118,415545,12485,1334,0,0,245503,63280,8.46,,,
1441,210498030,ᴮᴿLua,III,3923,4163232,412886,275004,4870,0,2843,0,44546,62125,,,,
1446,210187091,CAPITAN,III,3923,8478506,2749316,150584,15004,0,0,0,146647,60016,,,,
1452,211420806,ᵃⁿᵍALAKJR,III,3923,4756572,1260640,128940,12440,0,525,0,129903,57635,,,,
1466,209887299,ᵃⁿᵍDivid3,III,3923,15012361,1805426,515692,13315,0,0,0,62878,53260,41.01,,,
1469,212119080,Pé pam cuti,III,3923,4148647,1167952,170443,13143,0,0,0,153358,52572,,,,
1471,209888094,ᴰᴸMayorEric,III,3923,15785580,2666319,129610,12961,0,0,0,182553,51844,,,,
1473,210431966,Desident3,III,3923,6519257,767058,127970,12797,0,0,0,45309,51188,,,,
1474,210299945,세계평화,III,3923,10814270,2970604,133790,12173,0,163,0,249915,51137,,,,
1481,210340803,абдулло,III,3923,3988313,323557,337503,12189,0,0,0,41245,48756,,,,
1482,209943213,Armstrong jr XL,III,3923,14806418,3988901,121320,12132,0,0,0,255793,48528,,,,
1486,210439417,ᵃⁿᵍDeco,III,3923,8473068,1745915,64562,5854,0,1628,0,117380,47836,,,,
1490,210453704,A๖Tín S11,III,3923,3870405,215625,16277,0,0,3109,0,504,46635,,,,
1491,210330358,Fluffyfluffy,III,3923,3122269,-124896,115843,11569,0,0,0,174,46276,,,,
1494,210346649,Coffee01,III,3923,6643605,2183254,136254,11342,0,0,0,197668,45368,,,,
1497,210367960,ᴬ CaesaRio,III,3923,7043295,1308388,877294,11169,0,0,0,221407,44676,,,,
1498,209752106,ккSandman,III,3923,14745401,1614271,106326,8126,1184,0,0,69089,44344,,,,
1501,210323383,ᴬ KsSasha,III,3923,10655138,2372070,109420,10942,0,0,0,120371,43768,,,,
1503,188339855,QnaRR,III,3923,4770486,492252,107370,10737,0,0,0,102872,42948,,,,
1518,209832578,ᵃⁿᵍhungvv,III,3923,13744850,2863157,100050,10005,0,0,0,80645,40020,,,,
1521,209914982,ᵃⁿᵍAlcar,III,3923,10828064,1660446,98600,9860,0,0,0,206843,39440,,,,
1523,209912139,Lady Leanna,III,3923,11375758,2197383,96810,9681,0,0,0,175334,38724,,,,
1527,210324861,Gerdg,III,3923,5534278,1252841,104182,9263,0,0,0,111228,37052,,,,
1530,196851802,ᵉˣAngryNut,III,3923,9108327,361556,88810,8177,352,0,0,42898,36228,,,,
1534,210477608,屮ShadowLunar,III,3923,10962226,2786072,1352498,0,0,2321,0,249498,34815,,,,
1546,210392376,乂Mihawk乂,III,3923,10941082,1974770,79720,7972,0,0,0,119162,31888,,,,
1550,210398394,ᵃⁿᵍwinkvk,III,3923,15042778,3568045,78590,7859,0,0,0,146994,31436,,,,
1554,210329971,FRANKªVITARK,III,3923,5248074,-122550,74260,6562,432,0,0,10965,30568,,,,
1556,210313374,moonember,III,3923,5511679,707541,75490,7549,0,0,0,1739,30196,,,,
1557,210568016,A๖Tín S10,III,3923,4049174,242347,12524,0,0,1995,0,709,29925,,,,
1562,209832365,ᵃⁿᵍbear,III,3923,18036745,5207275,102561,0,0,1921,0,153207,28815,,,,
1563,210296140,ᴬ Jilssssss,III,3923,8728441,2034698,71942,6415,307,0,0,155109,28730,,,,
1566,210313435,hermuller,III,3923,8962484,2323108,100724,7110,0,0,0,195516,28440,,,,
1568,210347765,kronikmuhalif,III,3923,4060300,410180,162848,7088,0,0,0,61401,28352,,,,
1569,210337787,SAMXINH,III,3923,8041792,1956703,45378,3837,0,863,0,127796,28293,,,,
1570,209792265,PROFETA1,III,3923,19368482,5136585,1273055,6827,0,0,0,231235,27308,,,,
1572,210430235,ᵃⁿᵍCecill,III,3923,4812666,966457,83905,6594,0,0,0,97350,26376,,,,
1573,209851695,ᵃⁿᵍsungod,III,3923,10520032,2231530,209704,6550,0,0,0,157959,26200,,,,
1578,209825608,кк Samet5955,III,3923,12608704,3270417,329382,6190,0,0,0,105538,24760,,,,
1583,210919814,SAMXINH2,III,3923,3798788,875465,229973,5754,0,0,0,125221,23016,,,,
1588,210328290,ozzi44,III,3923,3431232,701096,82318,5623,0,0,0,45049,22492,,,,
1590,210375775,ᵃⁿᵍAkka,III,3923,9133847,3601130,54910,5491,0,0,0,46661,21964,,,,
1592,209820156,ᴵᴸFuriaaa,III,3923,13307599,2546974,11197,0,0,1445,0,31823,21675,,,,
1600,210300202,DThịnh TBN,III,3923,4904860,1001325,97882,4845,0,0,0,60868,19380,,,,
1601,210344184,whitewalker1234,III,3923,3394685,713499,176250,4807,0,0,0,295426,19228,,,,
1604,210368526,teddyff,III,3923,4650386,936996,46520,4652,0,0,0,83685,18608,,,,
1608,210442727,fureab,III,3923,4734195,1201658,155301,4363,0,0,0,92588,17452,,,,
1616,209618566,メккɓræncoty,III,3923,7741511,554601,40730,4073,0,0,0,28121,16292,,,,
1617,210364452,KHOAI LMB 100T,III,3923,7680824,1883552,40730,4073,0,0,0,75201,16292,,,,
1618,211204033,HEW0,III,3923,4190079,589804,66396,4020,0,0,0,29971,16080,,,,
1619,210294398,Ajino moto,III,3923,5720374,635006,41486,3999,0,0,0,61965,15996,,,,
1623,210341120,APOYYY EMPIRE,III,3923,3845990,666227,4655,0,0,1035,0,20475,15525,,,,
1626,210365883,MatrixND,III,3923,6652583,1522824,46818,3740,0,0,0,148696,14960,,,,
1627,210313945,Drkpro13kral111,III,3923,5681768,788814,70996,3629,0,0,0,7069,14516,,,,
1628,210343646,211bakerst,III,3923,6015710,1361496,5446,0,0,954,0,25559,14310,,,,
1631,210343982,ªCraVel,III,3923,5508032,842756,34190,3419,0,0,0,25403,13676,,,,
1633,210370357,thegoathimself,III,3923,6460928,837265,33540,3354,0,0,0,17721,13416,,,,
1634,210568058,A๖Tín S16,III,3923,4046860,249710,8504,0,0,880,0,822,13200,,,,
1639,209777424,ᴮᴳBabyBunny,III,3923,6375045,1238562,222028,3156,0,0,0,120266,12624,,,,
1645,209866523,ʟuᴄᴀs 乂,III,3923,5466132,2526660,32852,2907,0,0,0,68432,11628,,,,
1647,209808407,اعتزال KSA,III,3923,5049890,675759,27790,2779,0,0,0,94466,11116,,,,
1659,210336034,HARADAÙN,III,3923,2902630,60842,47238,2529,0,0,0,667,10116,,,,
1663,210428513,ᵛᵒSakaiii,III,3923,9871526,1836769,28860,2362,0,0,0,63963,9448,,,,
1665,210306133,小区业主,III,3923,3523730,600198,26828,2230,0,0,0,109352,8920,,,,
1668,210498994,Rio Fram,III,3923,3656730,779410,21300,2130,0,0,0,61612,8520,,,,
1670,210243670,live akmen,III,3923,5393526,1007585,20700,2070,0,0,0,50762,8280,,,,
1673,209778688,Iron Guarder,III,3923,6369422,1119952,377506,1900,0,0,0,36143,7600,,,,
1680,209833944,ᶦˢbones,III,3923,13429079,1918020,196762,0,0,439,0,32748,6585,,,,
1681,210412435,ᵃⁿᵍSunman,III,3923,8687192,2116198,16170,1617,0,0,0,105620,6468,,,,
1682,210370232,초이롱,III,3923,4117992,890889,35722,1571,0,0,0,55068,6284,,,,
1685,211041723,Tre Iron,III,3923,3935754,980596,27092,1558,0,0,0,93816,6232,,,,
1687,210378067,ЛёхаBY,III,3923,7596884,1520637,27392,1498,0,0,0,65506,5992,,,,
1689,210311204,GOS Ares 1,III,3923,5593673,-640970,18458,1489,0,0,0,65337,5956,,,,
1691,210416950,ᵃⁿᵍAlak D,III,3923,9007579,1849584,87412,0,0,378,0,127668,5670,,,,
1693,182313308,ᵃˢᵃᵖWASO,III,3923,5201962,647982,14341,1341,0,0,0,23110,5364,,,,
1697,210310649,God chosen one,III,3923,7080367,1481518,16648,786,0,120,0,39865,4944,,,,
1714,211394254,wambo klewer,III,3923,4845733,1287100,28960,970,0,0,0,25703,3880,,,,
1717,209784279,ᵃⁿᵍㆍrang,III,3923,11895609,2800364,9384,908,0,0,0,151127,3632,,,,
1724,209749623,ᵏᵏRangerNP,III,3923,17918852,4432992,9060,802,0,0,0,165381,3208,,,,
1726,210377079,ᵃⁿᴳBunF,III,3923,4982443,876045,7620,762,0,0,0,31661,3048,,,,
1728,209851933,ᴬNoTalking,III,3923,8092652,1534774,7150,715,0,0,0,26087,2860,,,,
1733,209605594,NoPassaramS,III,3923,5526177,469360,8660,642,0,0,0,47309,2568,,,,
1734,211028471,quariz Iron,III,3923,3926549,908804,10464,642,0,0,0,49175,2568,,,,
1736,210349868,Running Chris45,III,3923,3576866,773105,5288,0,0,161,0,46882,2415,,,,
1746,210310617,nasubin,III,3923,8914950,1809772,5460,546,0,0,0,108116,2184,,,,
1747,210455203,Ahmad511,III,3923,7971417,1446796,61192,505,0,0,0,9743,2020,,,,
1749,209760416,ergutul,III,3923,6148022,232477,4860,486,0,0,0,110473,1944,,,,
1752,209830717,ᴬメRougeZuko㋡,III,3923,5757737,1459372,4460,446,0,0,0,62131,1784,,,,
1754,209797779,FishSayan,III,3923,7479842,801819,3720,372,0,0,0,19755,1488,,,,
1764,210387671,lionleon99,III,3923,6810266,1144423,2760,260,0,0,0,85872,1040,,,,
1765,210385014,ᵃⁿᵍ Yuriy,III,3923,7606983,275149,2480,248,0,0,0,0,992,,,,
1767,210139236,TrDat f1,III,3923,4315080,586082,2996,242,0,0,0,19282,968,,,,
1768,209913211,ᵃⁿᵍyigitl,III,3923,8582715,2073936,4060,234,0,0,0,24617,936,,,,
1770,209941531,ᵃⁿᵍDonV4,III,3923,9139870,864062,2270,227,0,0,0,55974,908,,,,
1773,211785882,sambolaria,III,3923,4758293,1787627,6653,180,0,0,0,24340,720,,,,
1774,210301910,pixel123,III,3923,4192770,1035531,1800,180,0,0,0,39730,720,,,,
1778,210380895,A๖Tín S13,III,3923,4170986,310411,1529,86,0,0,0,12199,344,,,,
1780,210297753,Ikan betok 1,III,3923,3387717,591906,4555,60,0,0,0,4505,240,,,,
1782,209749803,ккDaxzXxz,III,3923,14436724,2228632,120,12,0,0,0,60534,48,,,,
1785,203522807,кк Foko,III,3923,7348675,-344,35,2,0,0,0,0,8,,,,
1787,210410765,ᵃⁿᵍShroud,III,3923,5903962,679109,10,1,0,0,0,26647,4,,,,
1794,211481333,ZFRR,III,3923,3272272,0,0,0,0,0,0,0,0,,,,
1795,210366795,IbnErtugrul,III,3923,6905816,1953497,0,0,0,0,0,57172,0,,,,
1797,210223487,Burn my love,III,3923,11666211,0,0,0,0,0,0,0,0,,,,
1799,210333309,ʜᵒ bia333,III,3923,6024742,879511,0,0,0,0,0,23962,0,,,,
1808,210209948,LarVik,III,3923,5907576,0,0,0,0,0,0,0,0,,,,
1814,210435049,Locfuho7,III,3923,7632939,282825,0,0,0,0,0,0,0,,,,
1815,210112027,Vaelwyn,III,3923,5228110,356483,0,0,0,0,0,554,0,,,,
1826,37483953,지도자37483953,III,3923,9624723,0,0,0,0,0,0,0,0,,,,
1827,210362437,Amaterasuuh,III,3923,3052564,0,0,0,0,0,0,0,0,,,,
1828,211845516,king 3d,III,3923,3025203,0,0,0,0,0,0,0,0,,,,
1835,210365629,Anton011,III,3923,5372306,1076822,0,0,0,0,0,1873,0,,,,
1836,205872531,ᴸᴴYazha,III,3923,3242632,0,0,0,0,0,0,0,0,,,,
1843,210324346,SANYA SAN,III,3923,2710440,0,0,0,0,0,0,0,0,,,,
1845,210342536,dodotr,III,3923,4467013,0,0,0,0,0,0,0,0,,,,
1846,57970827,calypsux,III,3923,7260983,0,0,0,0,0,0,0,0,,,,
1848,210324531,NoodメROK,III,3923,2937001,0,0,0,0,0,0,0,0,,,,
1855,210303318,에버힐,III,3923,6350596,940387,0,0,0,0,0,27526,0,,,,
1858,210316146,chiímedimua999,III,3923,8771517,0,0,0,0,0,0,0,0,,,,
1861,210455773,A๖Tín S2,III,3923,3980984,239167,0,0,0,0,0,542,0,,,,
1864,210340390,Titojo,III,3923,5000825,300250,0,0,0,0,0,801,0,,,,
1870,210336739,avNightmare,III,3923,3828235,563395,0,0,0,0,0,3451,0,,,,
1878,209895985,Farmer Level 99,III,3923,6108163,0,0,0,0,0,0,0,0,,,,
1879,210358112,LUCHO33XD,III,3923,3642610,632813,0,0,0,0,0,1525,0,,,,
1888,209841433,ХилИчур,III,3923,3382936,231759,0,0,0,0,0,1318,0,,,,
1890,209750076,ккMeghalsz,III,3923,9136694,0,0,0,0,0,0,0,0,,,,
1891,210522671,RoMeF2,III,3923,3269483,0,0,0,0,0,0,0,0,,,,
1892,210322281,the Great Cyrus,III,3923,3017540,0,0,0,0,0,0,0,0,,,,
1899,210339582,Ess leloolux,III,3923,3020774,86100,0,0,0,0,0,481,0,,,,
1901,210334511,YORMAN1304,III,3923,3172041,0,0,0,0,0,0,0,0,,,,
1905,210304345,MetalGod,III,3923,5310332,919113,0,0,0,0,0,25108,0,,,,
1913,210365227,ᵐᶜHOT,III,3923,3277523,0,0,0,0,0,0,0,0,,,,
1917,210294069,sprizen,III,3923,4557758,0,0,0,0,0,0,0,0,,,,
1924,209923963,ᴵᴼ박시바,III,3923,9663613,95325,0,0,0,0,0,0,0,,,,
1925,210345458,MomPants,III,3923,3863188,340584,0,0,0,0,0,1601,0,,,,
1930,210151092,ᵃⁿᵍsuet,III,3923,9351545,1799839,0,0,0,0,0,19205,0,,,,
1931,210295067,Slumdawg,III,3923,5140436,0,0,0,0,0,0,0,0,,,,
1933,210338467,Mr Cat2,III,3923,3477809,475911,0,0,0,0,0,465,0,,,,
1934,210095048,ᵃⁿᵍCBC,III,3923,9619876,669587,0,0,0,0,0,51660,0,,,,
1935,210358980,AXSRIVERS,III,3923,6608790,1066804,0,0,0,0,0,15741,0,,,,
1938,210299086,nobisung,III,3923,2824174,0,0,0,0,0,0,0,0,,,,
1939,194742524,TheKingAR,III,3923,2969601,0,0,0,0,0,0,0,0,,,,
1945,210401853,Mavryk33,III,3923,8735844,2194778,0,0,0,0,0,40502,0,,,,
1955,210331063,kråtos,III,3923,2947911,0,0,0,0,0,0,0,0,,,,
1966,210416516,LeGoatJames23,III,3923,6223325,1114959,0,0,0,0,0,21107,0,,,,
1967,210324946,saatanaperkele,III,3923,3238978,425724,27846,0,0,0,0,4683,0,,,,
1971,210353175,lecomatador,III,3923,2955772,0,0,0,0,0,0,0,0,,,,
1972,210353693,lưu bá duy,III,3923,5991288,479834,0,0,0,0,0,803,0,,,,
1973,210361275,MagIcSchlong,III,3923,3392295,256162,369,0,0,0,0,533,0,,,,
1975,150144108,Mugiiwara92,III,3923,4145071,0,0,0,0,0,0,0,0,,,,
1977,211756156,BadBrother,III,3923,3378216,0,0,0,0,0,0,0,0,,,,
1978,210294839,Moabmedic,III,3923,5808404,1307194,0,0,0,0,0,46738,0,,,,
1992,210569955,A๖Tín S3,III,3923,4004738,221724,0,0,0,0,0,1434,0,,,,
1993,210352070,huetecpatl,III,3923,5579971,1073442,0,0,0,0,0,110209,0,,,,
1994,169456233,Gobernador169456233,III,3923,5470320,0,0,0,0,0,0,0,0,,,,
1995,211233318,TyomO,III,3923,4640611,1067581,0,0,0,0,0,9978,0,,,,
2000,210312583,ккDoomGaming,III,3923,12137553,2912183,0,0,0,0,0,44245,0,,,,
2003,127500407,Ghantzi,III,3923,6598816,0,0,0,0,0,0,0,0,,,,
2009,210425419,ZFR5339,III,3923,6820496,1165865,0,0,0,0,0,11199,0,,,,
2010,209749692,ккTowMater2,III,3923,11615743,728337,0,0,0,0,0,417,0,,,,
2011,210310360,ᵃⁿᵍNotor,III,3923,10721406,2588143,0,0,0,0,0,86167,0,,,,
2019,209806334,Bụng báo,III,3923,11924071,2468134,0,0,0,0,0,38954,0,,,,
2020,210319957,Superohm,III,3923,2945807,0,0,0,0,0,0,0,0,,,,
2021,210329587,Richard68,III,3923,3121839,211103,0,0,0,0,0,462,0,,,,
2023,210380907,A๖Tín S6,III,3923,4082223,242198,0,0,0,0,0,645,0,,,,
2024,211654836,NotJustUrHealer,III,3923,3302613,209822,0,0,0,0,0,379,0,,,,
2028,210332535,liking kawayan,III,3923,5462731,1229358,0,0,0,0,0,97034,0,,,,
2037,211831332,FamBiNganHoa,III,3923,3086507,0,0,0,0,0,0,0,0,,,,
2040,209774818,gladiador 28,III,3923,10043391,2326356,0,0,0,0,0,45105,0,,,,
2041,210297910,ʜᵒSupreme,III,3923,3983783,0,0,0,0,0,0,0,0,,,,
2042,210055912,ᵃⁿᵍTGL,III,3923,9775199,1696843,0,0,0,0,0,17061,0,,,,
2048,210395052,ᵛᵒXCleoX,III,3923,6553343,1401541,0,0,0,0,0,19931,0,,,,
2052,211148968,Phoenix of Dark,III,3923,3708268,883816,0,0,0,0,0,35028,0,,,,
2056,208322599,ˢᵃانفجاري,III,3923,5855862,10800,0,0,0,0,0,0,0,,,,
2057,210339647,Scacco A,III,3923,10948090,2137044,0,0,0,0,0,124779,0,,,,
2059,211159527,SAMBOismee,III,3923,5586021,704829,0,0,0,0,0,313,0,,,,
2060,209983008,ANH TUAN 1,III,3923,11752640,3140997,0,0,0,0,0,152800,0,,,,
2063,210307068,rightly,III,3923,5299142,0,0,0,0,0,0,0,0,,,,
2067,210350214,Romain282,III,3923,5318241,1284951,0,0,0,0,0,1157,0,,,,
2070,209829919,Kiker13,III,3923,3932777,0,0,0,0,0,0,0,0,,,,
2074,210564004,Totoro SP,III,3923,7415651,1263105,0,0,0,0,0,83057,0,,,,
2075,195966972,ˢʳZeRo000,III,3923,8524803,407304,0,0,0,0,0,8744,0,,,,
2082,209792924,windly,III,3923,4753971,0,0,0,0,0,0,0,0,,,,
2086,210372738,Tugce1234,III,3923,3018870,315370,0,0,0,0,0,3683,0,,,,
2090,210300388,Yterb,III,3923,6673046,1251960,0,0,0,0,0,77683,0,,,,
2098,176114112,Gubernur176114112,III,3923,8657045,0,0,0,0,0,0,0,0,,,,
2103,210765827,whitespeed,III,3923,4219715,841549,0,0,0,0,0,10959,0,,,,
2112,210428169,ᵃⁿᵍJo,III,3923,8182359,2306289,0,0,0,0,0,85351,0,,,,
2116,210973315,豆しば,III,3923,12260403,3129255,37272,0,0,0,0,158584,0,,,,
2118,210368038,thinhzizac,III,3923,3216058,399230,15771,0,0,0,0,16148,0,,,,
2119,210350824,Gobernador210350824,III,3923,3820679,430748,0,0,0,0,0,3826,0,,,,
2121,210358311,junior90,III,3923,5468586,1279751,3129,0,0,0,0,15385,0,,,,
2123,210336473,ChiKa,III,3923,7529784,1521301,0,0,0,0,0,183435,0,,,,
2124,210323466,Th 15,III,3923,3214920,0,0,0,0,0,0,0,0,,,,
2126,210444516,ᵃⁿᵍ Pacul,III,3923,8501806,2344312,0,0,0,0,0,76483,0,,,,
2127,210364389,Neuschwansteinn,III,3923,3068177,10500,0,0,0,0,0,0,0,,,,
2128,210360696,ᴵᴸkaslr0ff,III,3923,14209517,120262,0,0,0,0,0,9255,0,,,,
2130,210306823,Булат 46,III,3923,5238373,907084,0,0,0,0,0,6050,0,,,,
2136,210316351,Chad 7,III,3923,7391792,727262,255731,0,0,0,0,35793,0,,,,
2141,210440363,ᵃⁿᵍBakr,III,3923,11411494,2991947,2,0,0,0,0,30989,0,,,,
2143,210397819,ADOLF SAMI,III,3923,10098402,2129233,92390,0,0,0,0,40921,0,,,,
2144,210298754,TEZCAQUETZAL,III,3923,3475829,-1511,0,0,0,0,0,0,0,,,,
2145,210325493,maximoz,III,3923,4853829,656171,0,0,0,0,0,622,0,,,,
2151,210316616,king Panzee,III,3923,5284970,0,0,0,0,0,0,0,0,,,,
2152,209971676,Chuột 11,III,3923,3453414,0,0,0,0,0,0,0,0,,,,
2154,211295037,sambomambo,III,3923,5376974,1233208,0,0,0,0,0,0,0,,,,
2157,210147180,ᴬʷBigBendNP,III,3923,5794013,996128,0,0,0,0,0,0,0,,,,
2159,210242531,FamBiNganHoa1,III,3923,4375230,687841,0,0,0,0,0,0,0,,,,
2160,210294026,Lica2k2,III,3923,3309789,0,0,0,0,0,0,0,0,,,,
2163,209859059,reeeldid,III,3923,8642996,1790533,0,0,0,0,0,23129,0,,,,
2164,210339303,Gonzlx,III,3923,4243962,811012,0,0,0,0,0,14484,0,,,,
2173,210345841,czaro25089,III,3923,4921024,0,0,0,0,0,0,0,0,,,,
2185,209790781,亗 CAVA 亗,III,3923,4863614,411800,0,0,0,0,0,21574,0,,,,
2192,210463536,JackieChan,III,3923,4121625,529384,0,0,0,0,0,18457,0,,,,
2200,210368569,Steve Thành,III,3923,6341210,540203,0,0,0,0,0,1978,0,,,,
2201,211742294,FlōweryGloomy,III,3923,3148380,0,0,0,0,0,0,0,0,,,,
2210,210340094,N0 name23,III,3923,3559842,0,0,0,0,0,0,0,0,,,,
2220,209753199,Professor f2p,III,3923,7933203,374622,0,0,0,0,0,923,0,,,,
2223,210302988,ManhHungg,III,3923,5237953,0,0,0,0,0,0,0,0,,,,
2224,210348516,Odin Eyes,III,3923,5555214,1204349,0,0,0,0,0,5666,0,,,,
2225,210369157,ᴵᴮ huewa11,III,3923,7878999,1990779,0,0,0,0,0,96214,0,,,,
2228,210317904,miss she,III,3923,2733049,0,0,0,0,0,0,0,0,,,,
2229,185732283,ᴿᴬLlyana,III,3923,4707426,0,0,0,0,0,0,0,0,,,,
2233,210297874,knightvader,III,3923,3086022,66622,0,0,0,0,0,148,0,,,,
2239,210343372,Mogu,III,3923,3557951,363303,0,0,0,0,0,688,0,,,,
2242,210319208,냥아치냥 825,III,3923,10122503,0,0,0,0,0,0,0,0,,,,
2246,210296512,Deniyy,III,3923,5560225,0,0,0,0,0,0,0,0,,,,
2249,210324959,Gojo B,III,3923,3557886,144364,0,0,0,0,0,0,0,,,,
2250,210325461,Janashia,III,3923,4824143,1601372,0,0,0,0,0,41525,0,,,,
2256,210313648,Ponny1234,III,3923,7469090,1252871,0,0,0,0,0,3537,0,,,,
2267,184723850,혓바늘돋음,III,3923,5412544,0,0,0,0,0,0,0,0,,,,
2268,210352777,shootforlove,III,3923,5874940,0,0,0,0,0,0,0,0,,,,
2271,210316030,Monitorlx9,III,3923,2697761,0,0,0,0,0,0,0,0,,,,
2274,210236666,ᴬʷKevin,III,3923,6443981,1397984,0,0,0,0,0,667,0,,,,
2278,210347635,ᴵ Spar,III,3923,4040456,0,0,0,0,0,0,0,0,,,,
2290,210326480,Benerz,III,3923,4096392,664446,0,0,0,0,0,263,0,,,,
2294,171535129,кк SILOP,III,3923,8126772,597273,0,0,0,0,0,5064,0,,,,
2300,210293118,ᶦˢSuweet,III,3923,15813564,155149,0,0,0,0,0,11603,0,,,,
2301,210301468,tokkin,III,3923,3461872,695326,0,0,0,0,0,0,0,,,,
2303,209960349,ᵃⁿᵍDrake3,III,3923,4837653,901361,10764,0,0,0,0,42636,0,,,,
2305,210398327,ᵛᵒMadBalrog,III,3923,7021000,1655166,0,0,0,0,0,88657,0,,,,
2307,209751957,Seimhaer,III,3923,7276651,0,0,0,0,0,0,0,0,,,,
2308,210351104,MaksonPatison76,III,3923,3942988,0,0,0,0,0,0,0,0,,,,
2311,209760269,ˢᶜBon Suy,III,3923,3874424,0,0,0,0,0,0,0,0,,,,
2317,210316100,Babajaga,III,3923,5098115,903013,0,0,0,0,0,42601,0,,,,
2318,204975940,Lil Raga々,III,3923,3308788,0,0,0,0,0,0,0,0,,,,
2319,210783685,Chaos Sauce FM,III,3923,3190490,0,0,0,0,0,0,0,0,,,,
2321,210361220,KinGG99,III,3923,5406274,-2569,0,0,0,0,0,0,0,,,,
2323,211766834,FloweryGrinning,III,3923,3371386,0,0,0,0,0,0,0,0,,,,
2328,210261788,Prioritas,III,3923,3291272,92000,0,0,0,0,0,0,0,,,,
2329,210345902,Nigatola,III,3923,3101958,0,0,0,0,0,0,0,0,,,,
2346,210363470,カナロア,III,3923,4506188,0,0,0,0,0,0,0,0,,,,
2353,209804689,Ar1f,III,3923,4794052,0,0,0,0,0,0,0,0,,,,
2354,210418579,Ssjlbroly,III,3923,5973462,0,0,0,0,0,0,0,0,,,,
2355,210143210,FaustBank I,III,3923,4216417,924031,0,0,0,0,0,0,0,,,,
2356,210341595,OASIS45ᵀᴴ,III,3923,10807576,1269125,0,0,0,0,0,22183,0,,,,
2358,209740536,Mo Fr3oon,III,3923,14175024,442771,0,0,0,0,0,5834,0,,,,
2359,209917995,ᴬ NARDS79,III,3923,9203720,1697665,0,0,0,0,0,50168,0,,,,
2367,210311507,Ty giang,III,3923,6194809,1161359,0,0,0,0,0,29508,0,,,,
2372,209798804,ᴵᴬ Wendigo,III,3923,5509006,0,0,0,0,0,0,0,0,,,,
2374,210155748,Egyptian H E RO,III,3923,11932673,3088263,0,0,0,0,0,150369,0,,,,
2379,210239139,ᴬʷGlacierNP,III,3923,5935793,935055,0,0,0,0,0,446,0,,,,
2384,210325329,1000 quả lọ,III,3923,8649169,1250819,0,0,0,0,0,1362,0,,,,
2390,210347553,Stevet1998,III,3923,3380813,0,0,0,0,0,0,0,0,,,,
2391,209868991,Mrs  Volnushka,III,3923,8435587,16069,0,0,0,0,0,0,0,,,,
2394,209972274,ᵃⁿᵍLeanna,III,3923,4566623,187455,0,0,0,0,0,0,0,,,,
2399,210316251,OctavianConquer,III,3923,4066156,0,0,0,0,0,0,0,0,,,,
2401,210313358,Vali210313358,III,3923,2834956,0,0,0,0,0,0,0,0,,,,
2411,210314007,ハンドリング,III,3923,3952669,850168,0,0,0,0,0,0,0,,,,
2413,210305800,POPCORNPOP,III,3923,3485281,0,0,0,0,0,0,0,0,,,,
2420,204352990,BeastMode28,III,3923,5637627,0,0,0,0,0,0,0,0,,,,
2431,210331339,patagoak,III,3923,5842809,1091625,890888,0,0,0,0,64293,0,,,,
2432,210322359,Niro X X X,III,3923,3272920,503479,0,0,0,0,0,2391,0,,,,
2439,211567363,Havens2,III,3923,2971968,0,0,0,0,0,0,0,0,,,,
2440,209791671,kaeru,III,3923,6480022,131026,0,0,0,0,0,862,0,,,,
2441,210319766,kai1429,III,3923,4668101,829915,0,0,0,0,0,4574,0,,,,
2448,210345653,Dark King亗,III,3923,3028138,42351,0,0,0,0,0,549,0,,,,
2449,198866600,ᶜˢNatsuki,III,3923,5220585,0,0,0,0,0,0,0,0,,,,
2452,210026624,SơnF2,III,3923,4341526,79137,0,0,0,0,0,166,0,,,,
2460,211855483,BabyBunny2nd,III,3923,3331150,0,0,0,0,0,0,0,0,,,,
2461,210324094,GATOX64,III,3923,5275367,221017,0,0,0,0,0,1181,0,,,,
2463,210454898,Szgszg35,III,3923,2982117,0,0,0,0,0,0,0,0,,,,
2464,79580696,AstroBaby,III,3923,9880592,0,0,0,0,0,0,0,0,,,,
2467,210326219,Yeetaroga,III,3923,2980222,0,0,0,0,0,0,0,0,,,,
2468,210467061,ᴮᴿKadosh,III,3923,6060597,755472,0,0,0,0,0,4001,0,,,,
2469,209605052,Vaelstrom,III,3923,17860947,5037483,0,0,0,0,0,138886,0,,,,
2471,210337773,Bertmann,III,3923,2661353,0,0,0,0,0,0,0,0,,,,
2474,209830185,wdR1Sunday,III,3923,8287263,0,0,0,0,0,0,0,0,,,,
2482,210236415,Grazile K,III,3923,2735367,0,0,0,0,0,0,0,0,,,,
2493,210302486,Srdrmrhn,III,3923,4287662,959574,0,0,0,0,0,4800,0,,,,
2498,129517264,Governor129517264,III,3923,4753991,0,0,0,0,0,0,0,0,,,,
2502,200619211,S U B A R AŞİ,III,3923,4391977,13713,0,0,0,0,0,0,0,,,,
2506,210157899,AcDeputatovaDi,III,3923,8481253,1365344,0,0,0,0,0,3033,0,,,,
2509,210430812,ᵃⁿᵍCrus8r,III,3923,7377163,55279,0,0,0,0,0,4531,0,,,,
2510,209764856,ᴷᴷSama,III,3923,10784477,0,0,0,0,0,0,0,0,,,,
2514,210136933,mukamo f4,III,3923,3353674,0,0,0,0,0,0,0,0,,,,
2515,210345931,BRODDY,III,3923,3508965,527473,0,0,0,0,0,9693,0,,,,
2518,209768398,Tugsy Malone,III,3923,8066700,1001479,0,0,0,0,0,17896,0,,,,
2521,211126473,ᵃⁿᵍaubs ツ,III,3923,3609778,0,0,0,0,0,0,0,0,,,,
2524,210362878,TuanBinh,III,3923,6786988,1821219,0,0,0,0,0,29975,0,,,,
2525,210323868,Hacker8837,III,3923,3587929,71134,0,0,0,0,0,856,0,,,,
2530,210341012,PancerPapa,III,3923,4493327,157836,0,0,0,0,0,1003,0,,,,
2533,210796786,ᶦˢCaffeine,III,3923,5179849,58800,0,0,0,0,0,0,0,,,,
2535,209996542,ceu A team,III,3923,7926413,1044074,154797,0,0,0,0,19744,0,,,,
2540,210361741,STRikeR,III,3923,5925564,232258,0,0,0,0,0,1338,0,,,,
2541,177131297,QWQILKERQWQ,III,3923,7427993,89505,0,0,0,0,0,0,0,,,,
2543,210339004,Vermisse,III,3923,6094839,931464,0,0,0,0,0,32670,0,,,,
2546,206837069,ZẽnWülf,III,3923,6752755,670972,0,0,0,0,0,6972,0,,,,
2547,209897522,ᴵᴸ Keflaz,III,3923,9284550,0,0,0,0,0,0,0,0,,,,
2555,209759692,ᴷᴷ Kakos,III,3923,11597085,657480,0,0,0,0,0,4470,0,,,,
2556,209751204,섹스 Vic,III,3923,3406589,0,0,0,0,0,0,0,0,,,,
2565,210395504,ᵛᵒJanima,III,3923,14056746,3585132,0,0,0,0,0,189026,0,,,,
2572,210313660,DonPablo6,III,3923,4614686,949805,0,0,0,0,0,3373,0,,,,
2576,210359911,dreack21,III,3923,5739525,859920,0,0,0,0,0,834,0,,,,
2577,191872126,dragonnnnnn,III,3923,5909299,276225,0,0,0,0,0,0,0,,,,
2580,210304217,RAZORBILL21,III,3923,4891675,945876,0,0,0,0,0,588,0,,,,
2581,209803386,ᴷᴷJokerbar,III,3923,12029666,623398,0,0,0,0,0,2255,0,,,,
2593,210438399,ᴬᴺᴳ Giza,III,3923,3722970,0,0,0,0,0,0,0,0,,,,
2594,210137291,ᴷᴷメAzuji889,III,3923,3922501,574114,0,0,0,0,0,0,0,,,,
2600,209877520,General92,III,3923,4157777,0,0,0,0,0,0,0,0,,,,
2602,209764441,ᴷᴷA7MD,III,3923,6210522,41956,0,0,0,0,0,0,0,,,,
2603,210626822,Nhan09,III,3923,3769030,0,0,0,0,0,0,0,0,,,,
2604,209765959,K҉k҉  McEñd0,III,3923,4558048,963483,0,0,0,0,0,3558,0,,,,
2612,210379203,ᵛᵒ Waldi,III,3923,9149095,1924761,0,0,0,0,0,73382,0,,,,
2614,210202821,Hard2handle,III,3923,4980845,344952,0,0,0,0,0,1211,0,,,,
2618,95457215,cikut keduy,III,3923,7081531,0,0,0,0,0,0,0,0,,,,
2621,211512438,K a D i R,III,3923,3692562,0,0,0,0,0,0,0,0,,,,
2633,210347647,Sock Goblin,III,3923,3996836,0,0,0,0,0,0,0,0,,,,
2634,210485461,Lordz Lancelotz,III,3923,11603792,2877069,0,0,0,0,0,180804,0,,,,
2637,210360637,UĐôThầnTử,III,3923,4229154,0,0,0,0,0,0,0,0,,,,
2640,210311201,soongsoong,III,3923,3642705,0,0,0,0,0,0,0,0,,,,
2641,186368185,ᴸᵂ Sakura,III,3923,5971216,0,0,0,0,0,0,0,0,,,,
2648,101150147,ᵃⁿᵍBacod,III,3923,8912383,0,0,0,0,0,0,0,0,,,,
2652,192772878,Tirannix,III,3923,5214917,0,0,0,0,0,0,0,0,,,,
2653,210306437,ᴬ Ngawicity,III,3923,4755098,597215,0,0,0,0,0,755,0,,,,
2654,207492395,ᴮᴳLicense,III,3923,6140304,0,0,0,0,0,0,0,0,,,,
2656,211130723,samboismeh,III,3923,4884110,1109850,0,0,0,0,0,0,0,,,,
2657,210364411,iBCJ72,III,3923,4455266,486766,0,0,0,0,0,2542,0,,,,
2662,210172701,BoumBash,III,3923,12328399,392160,0,0,0,0,0,31008,0,,,,
2664,210330203,Mefistofelie,III,3923,4956597,695876,0,0,0,0,0,9717,0,,,,
2665,210313751,Emrahvali,III,3923,3617769,39605,0,0,0,0,0,0,0,,,,
2669,191724507,ᶠᵗKaidoカイドウ,III,3923,8807600,0,0,0,0,0,0,0,0,,,,
2673,209823322,Antoszef,III,3923,3274315,0,0,0,0,0,0,0,0,,,,
2681,210296167,ThaoLinh208,III,3923,5495971,1458284,15010,0,0,0,0,88604,0,,,,
2691,210353816,EinsatoshiNak,III,3923,2790953,0,0,0,0,0,0,0,0,,,,
2697,209813914,OP IO,III,3923,5033605,162339,0,0,0,0,0,0,0,,,,
2698,210340186,erpeke69,III,3923,3269443,0,0,0,0,0,0,0,0,,,,
2700,207734992,VolumenBajo,III,3923,8337760,0,0,0,0,0,0,0,0,,,,
2709,210316172,TheGreatSargon,III,3923,3048225,0,0,0,0,0,0,0,0,,,,
2710,210294404,ᵀᴮPan IV,III,3923,5241007,204714,0,0,0,0,0,0,0,,,,
2724,210300137,Thúnderdan,III,3923,5360432,810371,0,0,0,0,0,19286,0,,,,
2725,209802677,ккAmayaSVK,III,3923,8575406,109591,0,0,0,0,0,0,0,,,,
2726,210302210,Papabara,III,3923,8633051,1509514,0,0,0,0,0,2535,0,,,,
2731,138173860,AsterPhoenix,III,3923,5780757,276225,0,0,0,0,0,0,0,,,,
2740,210328619,embuncute,III,3923,5236910,887384,0,0,0,0,0,1588,0,,,,
2743,210338741,Thanhhai123456,III,3923,6741945,1336951,0,0,0,0,0,36818,0,,,,
2749,210356282,juzz1t,III,3923,2772533,0,0,0,0,0,0,0,0,,,,
2755,210356649,MagicSchlong,III,3923,5164273,357758,0,0,0,0,0,675,0,,,,
2756,209868993,Mr Gruzd,III,3923,7922574,0,0,0,0,0,0,0,0,,,,
2760,203450384,ryancorleeoone,III,3923,5485216,0,0,0,0,0,0,0,0,,,,
2761,212569460,koRTik,III,3923,3046938,0,0,0,0,0,0,0,0,,,,
2762,210337237,king of north24,III,3923,4673103,870124,0,0,0,0,0,8832,0,,,,
2769,210159601,cocogoreng,III,3923,3238856,466160,0,0,0,0,0,0,0,,,,
2770,210352028,SMITH LORD,III,3923,3318606,0,0,0,0,0,0,0,0,,,,
2772,209981108,ᴵᴸInferno,III,3923,4942791,0,0,0,0,0,0,0,0,,,,
2781,164811710,M47EYES,III,3923,6852912,0,0,0,0,0,0,0,0,,,,
2785,210468432,KENJJI,III,3923,6055328,724117,0,0,0,0,0,1008,0,,,,
2789,210366883,joac jerec,III,3923,6307630,1195375,0,0,0,0,0,21846,0,,,,
2795,210385519,ᵃⁿᵍaubsツ,III,3923,7498352,0,0,0,0,0,0,0,0,,,,
2805,210034292,кк XtaylorX,III,3923,13515104,228814,0,0,0,0,0,1068,0,,,,
2806,209664903,kk xFishieKx,III,3923,10466297,1648375,0,0,0,0,0,53948,0,,,,
2807,210317353,eeL,III,3923,3217496,0,0,0,0,0,0,0,0,,,,
2810,210319168,filins,III,3923,3646601,221888,0,0,0,0,0,2176,0,,,,
2813,210361210,Smithsoniam,III,3923,7971689,1465520,0,0,0,0,0,16859,0,,,,
2817,212129914,ᴮᴿGOLIAS1,III,3923,2959810,282826,0,0,0,0,0,6599,0,,,,
2822,210369097,rollo1946,III,3923,7384942,1444646,13986,0,0,0,0,79451,0,,,,
2825,209895642,Kasurana,III,3923,11126139,1236462,0,0,0,0,0,35145,0,,,,
2828,209764076,HypnosissJr,III,3923,3589024,0,0,0,0,0,0,0,0,,,,
2831,210300701,Gund,III,3923,12534260,2655699,10382,0,0,0,0,134001,0,,,,
2832,210919997,우주평화,III,3923,6370111,1929782,0,0,0,0,0,101953,0,,,,
2836,192389461,ʷᵒˡᶠLama3,III,3923,9050457,0,0,0,0,0,0,0,0,,,,
2844,209750456,ᶦˢPHONG KZ,III,3923,11228851,0,0,0,0,0,0,0,0,,,,
2848,210747153,Bono519,III,3923,4626280,0,0,0,0,0,0,0,0,,,,
2850,210356350,Trini Vengeance,III,3923,7591687,1857634,0,0,0,0,0,48786,0,,,,
2856,210350938,ちゃんなお,III,3923,7027338,1691990,0,0,0,0,0,102325,0,,,,
2860,210304327,Elatopia,III,3923,3641036,0,0,0,0,0,0,0,0,,,,
2874,210085288,MTrang 02,III,3923,4455313,628016,0,0,0,0,0,0,0,,,,
2876,209816696,Назар09,III,3923,9165732,2221529,0,0,0,0,0,58604,0,,,,
2879,181704202,BabyElisa2,III,3923,7935921,0,0,0,0,0,0,0,0,,,,
2888,210296439,FlowerySmiley,III,3923,6300393,1402544,0,0,0,0,0,933,0,,,,
2891,209829334,ккĪwol,III,3923,6703364,0,0,0,0,0,0,0,0,,,,
2893,210341067,Britannia 1995,III,3923,4380433,1157086,0,0,0,0,0,23539,0,,,,
2896,210013868,Bobo Fr3oon,III,3923,10479309,834988,0,0,0,0,0,420,0,,,,
2899,209901546,sir Yuckfou,III,3923,10441967,2142053,0,0,0,0,0,76445,0,,,,
2901,210353248,ThànhLộcVN96,III,3923,4483077,909638,6712,0,0,0,0,10272,0,,,,
2903,7894014,asse12,III,3923,7607341,1003214,0,0,0,0,0,2623,0,,,,
2905,210333751,Iplayindirt,III,3923,4898409,869206,0,0,0,0,0,21025,0,,,,
2910,210294418,Dalwyn,III,3923,5728676,0,0,0,0,0,0,0,0,,,,
2911,211292846,Durarad,III,3923,3388559,0,0,0,0,0,0,0,0,,,,
2920,210363054,mangkanor,III,3923,5026381,1077910,0,0,0,0,0,81274,0,,,,
2923,210871489,Donn Carlo,III,3923,4861437,870014,0,0,0,0,0,0,0,,,,
2924,209753258,ᴬʷMini Tooty,III,3923,5418633,379334,0,0,0,0,0,767,0,,,,
2931,210244851,Boi yếu,III,3923,3407015,6342,0,0,0,0,0,0,0,,,,
2932,210070727,Sigari,III,3923,7066161,1310659,0,0,0,0,0,53043,0,,,,
2935,210344717,AlbertoLR,III,3923,3398015,0,0,0,0,0,0,0,0,,,,
2938,210337384,İsaCan5633,III,3923,3187843,57957,0,0,0,0,0,0,0,,,,
2939,210266958,кк Alénka,III,3923,12551975,3387560,0,0,0,0,0,62735,0,,,,
2940,210293781,Postive entropy,III,3923,4420759,697164,0,0,0,0,0,3092,0,,,,
2957,210893050,Funiser,III,3923,4030698,15190,0,0,0,0,0,0,0,,,,
2963,210330728,ᴬ PADON,III,3923,7623624,1304165,0,0,0,0,0,44656,0,,,,
2964,210361139,gauanhtv,III,3923,3390679,18441,0,0,0,0,0,0,0,,,,
2965,210300797,ROK8129,III,3923,7323017,620291,0,0,0,0,0,2808,0,,,,
2966,153587277,LeshaVoi,III,3923,8549898,0,0,0,0,0,0,0,0,,,,
2968,210332507,MonaT,III,3923,5058087,479047,0,0,0,0,0,889,0,,,,
2973,210326237,Gov Chino,III,3923,6248916,1665593,0,0,0,0,0,52128,0,,,,
2974,211070730,ᵃⁿᵍDrake1,III,3923,3732359,794926,11922,0,0,0,0,46511,0,,,,
2979,195573940,ᴱᴺ Toache,III,3923,4850867,0,0,0,0,0,0,0,0,,,,
2983,210330689,総督210330689,III,3923,4787451,940620,0,0,0,0,0,8348,0,,,,
2984,210340975,El Emperador Az,III,3923,2905840,177935,0,0,0,0,0,528,0,,,,
2994,210302151,ᴵᴮDoris,III,3923,3549107,-1873,0,0,0,0,0,0,0,,,,
2996,210295787,ᶠˢKim,III,3923,3078428,0,0,0,0,0,0,0,0,,,,
3001,210395444,ᵃⁿᵍBryanV,III,3923,10358259,2102842,0,0,0,0,0,45084,0,,,,
3005,168037807,Acc 3923,III,3923,2950713,0,0,0,0,0,0,0,0,,,,
3009,210358443,Zzoz0zozZ,III,3923,4643112,783065,0,0,0,0,0,3916,0,,,,
3012,210454775,LonelyGroom,III,3923,5190320,0,0,0,0,0,0,0,0,,,,
3014,211872558,ᴬʷDave,III,3923,4046427,0,0,0,0,0,0,0,0,,,,
3016,210303085,ClowZ,III,3923,4279146,0,0,0,0,0,0,0,0,,,,
3017,209764087,Hypnosiss,III,3923,11878828,457678,0,0,0,0,0,0,0,,,,
3019,207952921,ᵃⁿᵍCeje,III,3923,11792931,3254696,0,0,0,0,0,141867,0,,,,
3020,210386087,Houkon,III,3923,3647441,0,0,0,0,0,0,0,0,,,,
3024,210330376,soutaoi,III,3923,5735907,879672,0,0,0,0,0,4781,0,,,,
3025,210437538,ksa 511,III,3923,7949150,1322858,0,0,0,0,0,11046,0,,,,
3029,87859453,Governor87859453,III,3923,8850690,0,0,0,0,0,0,0,0,,,,
3036,205970062,AnthonyRoK,III,3923,6874453,132420,0,0,0,0,0,0,0,,,,
3039,210612649,MinhhQuann88,III,3923,2739754,0,0,0,0,0,0,0,0,,,,
3046,210442684,Луноход,III,3923,11254342,2458450,86094,0,0,0,0,342481,0,,,,
3048,210353674,PhucHungThinh,III,3923,3252958,0,0,0,0,0,0,0,0,,,,
3057,210350025,merjal,III,3923,6108614,1316943,0,0,0,0,0,8915,0,,,,
3061,209918464,angSadgame,III,3923,14178307,2954411,0,0,0,0,0,204484,0,,,,
3062,210351996,ᴬIlk Imperium,III,3923,7278552,2671497,0,0,0,0,0,89443,0,,,,
3064,210455786,A๖Tín S8,III,3923,4028823,259125,0,0,0,0,0,684,0,,,,
3065,210347711,karol39,III,3923,4693820,578681,0,0,0,0,0,1466,0,,,,
3066,210333171,Danila01,III,3923,3340195,63712,0,0,0,0,0,0,0,,,,
3072,191305409,ᴳᴼTURKs,III,3923,6179830,46182,0,0,0,0,0,0,0,,,,
3073,212464040,ᵃⁿᵍAlcarF,III,3923,3698446,0,0,0,0,0,0,0,0,,,,
3074,210343779,JohanHexx31,III,3923,3656085,0,0,0,0,0,0,0,0,,,,
3082,213785417,ᵛⁿŦequila,III,3923,3237627,0,0,0,0,0,0,0,0,,,,
3087,209751559,ᴬʷDrNefario,III,3923,8289103,1815769,0,0,0,0,0,2963,0,,,,
3090,209807851,ᴬᶜSvistyn64,III,3923,8348862,0,0,0,0,0,0,0,0,,,,
3106,209752125,N Thảo,III,3923,5619862,0,0,0,0,0,0,0,0,,,,
3112,210339470,ЗLOйXOXOL,III,3923,4136926,1040019,0,0,0,0,0,15691,0,,,,
3114,193226983,ᶻˣTürkReal,III,3923,8662614,0,0,0,0,0,0,0,0,,,,
3126,210442832,TrDat f3,III,3923,5409699,744110,2032,0,0,0,0,12424,0,,,,
3127,210361428,Thanatos450,III,3923,6086363,702218,0,0,0,0,0,1031,0,,,,
3129,210330232,AAkamee,III,3923,2795416,0,0,0,0,0,0,0,0,,,,
3130,210313384,Eliriza04,III,3923,5720625,1258122,0,0,0,0,0,23034,0,,,,
3131,49763009,Tempesh09,III,3923,8589967,48274,0,0,0,0,0,0,0,,,,
3139,210321729,To Help YOU,III,3923,3482497,544259,0,0,0,0,0,12104,0,,,,
3142,209750046,ᶦˢTattoo,III,3923,9037928,0,0,0,0,0,0,0,0,,,,
3151,210336979,ShaidowKing,III,3923,3786861,0,0,0,0,0,0,0,0,,,,
3152,209793751,Phó Tư Gió,III,3923,6012351,368345,0,0,0,0,0,0,0,,,,
3157,210329033,Kat55555,III,3923,3967282,798575,0,0,0,0,0,6860,0,,,,
3160,210370033,ExNihilus,III,3923,2719392,0,0,0,0,0,0,0,0,,,,
3171,209797941,LiOn KINGS,III,3923,4761999,0,0,0,0,0,0,0,0,,,,
3175,210302298,Makym,III,3923,5838319,1288521,0,0,0,0,0,5238,0,,,,
3179,210299045,クダマルR,III,3923,5854304,1310987,0,0,0,0,0,39440,0,,,,
3180,210414957,ᵃⁿᵍTRAP,III,3923,11788388,2976931,0,0,0,0,0,14004,0,,,,
3183,210315327,Dyl X N1KA,III,3923,4528760,565980,0,0,0,0,0,738,0,,,,
3184,210403023,Kether1,III,3923,7202294,1025085,0,0,0,0,0,14009,0,,,,
3185,210299296,LegionPrime,III,3923,4689655,1106850,0,0,0,0,0,23956,0,,,,
3186,210306329,Зелимхх,III,3923,3667932,0,0,0,0,0,0,0,0,,,,
3191,210272649,ᵃⁿᵍHoangg,III,3923,10714904,1778917,0,0,0,0,0,11396,0,,,,
3192,209692040,ᴸˢG0H4N,III,3923,6835639,109715,0,0,0,0,0,0,0,,,,
3200,210348608,Rei Capão,III,3923,4246760,555856,0,0,0,0,0,2704,0,,,,
3206,209925354,Loulianos,III,3923,2834367,0,0,0,0,0,0,0,0,,,,
3210,210505480,Toni,III,3923,3184607,0,0,0,0,0,0,0,0,,,,
3212,210516313,ᴮᴿLemierr,III,3923,6224927,1163222,42296,0,0,0,0,43141,0,,,,
3218,209760801,Stephen strange,III,3923,4461568,623804,0,0,0,0,0,12576,0,,,,
3223,210311047,Herr von Dinkel,III,3923,3413431,0,0,0,0,0,0,0,0,,,,
3231,209812374,ᴬAleReinoso42,III,3923,4505937,1172610,0,0,0,0,0,37153,0,,,,
3236,210307855,AyyıldıZ0451,III,3923,9029101,1965975,0,0,0,0,0,15202,0,,,,
3243,210594246,A7OAMR,III,3923,4177187,775658,0,0,0,0,0,960,0,,,,
3244,210313135,Данька jr,III,3923,4991317,907348,0,0,0,0,0,38860,0,,,,
3251,210856776,PancakesFarmツ,III,3923,2675544,0,0,0,0,0,0,0,0,,,,
3253,210315127,king rakha,III,3923,5565242,1439458,0,0,0,0,0,83772,0,,,,
3259,210453694,A๖Tín S5,III,3923,3979702,253924,0,0,0,0,0,209,0,,,,
3261,210303584,Arabchik1,III,3923,3453075,0,0,0,0,0,0,0,0,,,,
3265,209858112,SSRB,III,3923,9114140,664458,0,0,0,0,0,2123,0,,,,
3266,210294791,SooZ,III,3923,5618923,124552,0,0,0,0,0,0,0,,,,
3267,209813166,Carlospvp,III,3923,5029165,292505,0,0,0,0,0,3601,0,,,,
3268,209749938,asdrubale mir,III,3923,3875587,0,0,0,0,0,0,0,0,,,,
3270,210330461,Zloy1,III,3923,7362549,966070,0,0,0,0,0,5086,0,,,,
3271,209783857,LOTUSメThảo,III,3923,3934790,680731,0,0,0,0,0,862,0,,,,
3275,210440103,FloweryGrumpy,III,3923,6032510,1472578,0,0,0,0,0,1028,0,,,,
3286,210337247,Bleeed,III,3923,2763321,0,0,0,0,0,0,0,0,,,,
3288,210313466,ㅅㄱㅇ asdfghjkl,III,3923,9330915,1869446,0,0,0,0,0,129473,0,,,,
3289,210329632,amorim4500,III,3923,4890474,42415,0,0,0,0,0,2087,0,,,,
3291,78174709,Gubernur78174709,III,3923,5839998,0,0,0,0,0,0,0,0,,,,
3293,210903841,Little Ponny,III,3923,6829585,1468199,0,0,0,0,0,5323,0,,,,
3295,210976349,MTrang 01,III,3923,3999963,636620,0,0,0,0,0,0,0,,,,
3300,210138910,Toooty,III,3923,4559358,575867,0,0,0,0,0,40615,0,,,,
3302,210150606,ᴬʷBadlandsNP,III,3923,5637261,795678,0,0,0,0,0,0,0,,,,
3304,210345254,OSCURIDADcv,III,3923,8385098,1038682,0,0,0,0,0,7933,0,,,,
3307,209600696,кк Rekt 2,III,3923,13075295,330986,0,0,0,0,0,0,0,,,,
3308,210324875,Legend Popal,III,3923,3880442,681459,0,0,0,0,0,10065,0,,,,
3309,210346417,ᴿᵁDark亗,III,3923,10823757,2557189,0,0,0,0,0,41804,0,,,,
3312,210149855,ᴬᶜGr0ubh,III,3923,5390419,22250,0,0,0,0,0,0,0,,,,
3321,209674693,rAinbow,III,3923,3451674,0,0,0,0,0,0,0,0,,,,
3333,210299932,ABDULLAHCH,III,3923,4504748,0,0,0,0,0,0,0,0,,,,
3340,209823104,Granatus,III,3923,3240484,0,0,0,0,0,0,0,0,,,,
3346,210150662,кк Salán,III,3923,8318781,276225,0,0,0,0,0,0,0,,,,
3356,204228669,ᴴ乂Schwanシ,III,3923,5830101,0,0,0,0,0,0,0,0,,,,
3357,208703910,Jbryl0l,III,3923,7440532,312429,0,0,0,0,0,818,0,,,,
3362,210317970,Leodoro,III,3923,3366878,679850,0,0,0,0,0,0,0,,,,
3363,210313513,NhàChunHy,III,3923,4254445,399212,0,0,0,0,0,4044,0,,,,
3364,210352910,Creed77,III,3923,3921591,0,0,0,0,0,0,0,0,,,,
3370,210402558,lml Keter lml,III,3923,9926557,2174523,0,0,0,0,0,59161,0,,,,
3375,210329372,Patanga2palanga,III,3923,3014632,0,0,0,0,0,0,0,0,,,,
3381,209822739,ᴷᴷSinner,III,3923,13878345,2511435,574210,0,0,0,0,12796,0,,,,
3383,209848694,Leano777,III,3923,9571406,2612827,0,0,0,0,0,12364,0,,,,
3392,210347591,FaustBank II,III,3923,3076342,0,0,0,0,0,0,0,0,,,,
3393,209923149,Edwlad,III,3923,7473145,1549137,66206,0,0,0,0,61069,0,,,,
3395,211755228,sambobingung,III,3923,4695809,1423060,0,0,0,0,0,2070,0,,,,
3397,210313954,AlexiyTheThird,III,3923,4325952,649665,0,0,0,0,0,3436,0,,,,
3398,209825797,Nikki Nicolle,III,3923,4664145,883902,0,0,0,0,0,4630,0,,,,
3403,210327034,Nihat82,III,3923,3721279,877476,11212,0,0,0,0,17478,0,,,,
3408,210344500,Blue1323,III,3923,3018372,18992,0,0,0,0,0,0,0,,,,
3410,210343807,KaiserSeraph,III,3923,5454469,1487617,0,0,0,0,0,518,0,,,,
3411,210420613,voWIGGYLOVE,III,3923,7886880,1673052,0,0,0,0,0,183748,0,,,,
3414,209883262,ChronosRex,III,3923,8746005,1794827,0,0,0,0,0,40951,0,,,,
3422,208230272,Auuuuuuuuu,III,3923,3712896,0,0,0,0,0,0,0,0,,,,
3423,210137376,ᴬʷJonesy222,III,3923,4649289,689669,0,0,0,0,0,1784,0,,,,
3425,210319563,اوسجار,III,3923,3024682,0,0,0,0,0,0,0,0,,,,
3426,210362428,Mr BangToyib,III,3923,4220928,771468,0,0,0,0,0,3108,0,,,,
3435,170080254,Gubernur170080254,III,3923,5422013,0,0,0,0,0,0,0,0,,,,
3436,210331255,りんあか,III,3923,4488741,993065,0,0,0,0,0,3498,0,,,,
3438,210159538,ᴬJilssssss,III,3923,7244733,1172715,0,0,0,0,0,27542,0,,,,
3439,210346879,kronikk,III,3923,3738847,302661,0,0,0,0,0,929,0,,,,
3448,147050219,LikeLime,III,3923,6913245,0,0,0,0,0,0,0,0,,,,
3456,210302964,conquetas,III,3923,7639083,1457607,0,0,0,0,0,36491,0,,,,
3457,210137540,ᴬᴰChanCeBok,III,3923,6088617,294652,0,0,0,0,0,0,0,,,,
3464,209768033,Farukbey33,III,3923,4006854,360636,0,0,0,0,0,1126,0,,,,
3467,210317454,hosseinghanbari,III,3923,5829488,1109263,0,0,0,0,0,4399,0,,,,
3468,210294819,Ħàśàń,III,3923,4218250,363603,0,0,0,0,0,13010,0,,,,
3474,209761344,ᴬᶜ EDÜ,III,3923,7952776,0,0,0,0,0,0,0,0,,,,
3477,210644243,Darkwartch,III,3923,6450231,0,0,0,0,0,0,0,0,,,,
3480,210862249,ᵃⁿᵍTenz1,III,3923,4588623,537496,73818,0,0,0,0,26756,0,,,,
3482,210335705,wardog123,III,3923,3588794,0,0,0,0,0,0,0,0,,,,
3483,210496483,ElLisa,III,3923,5851050,622567,0,0,0,0,0,0,0,,,,
3485,210348085,OJUARA,III,3923,4765142,15700,0,0,0,0,0,0,0,,,,
3493,210035360,Gubernur210035360,III,3923,3035912,0,0,0,0,0,0,0,0,,,,
3497,209780523,SIRºNEON,III,3923,11582300,2672392,0,0,0,0,0,31072,0,,,,
3499,209836254,ᴮᵒᵒJeseN,III,3923,3543403,0,0,0,0,0,0,0,0,,,,
3502,209756757,ᵏᵏMajesteF1,III,3923,2916257,179732,0,0,0,0,0,148,0,,,,
3510,209674062,ᴳᴸ Mixuee,III,3923,14149074,1507041,0,0,0,0,0,2000,0,,,,
3512,210362606,мiyaме,III,3923,8186749,2262337,0,0,0,0,0,61246,0,,,,
3516,210323038,ᵀᴮVladislav,III,3923,5939600,41556,0,0,0,0,0,0,0,,,,
3521,210424100,ᵃⁿᵍYOOLOO,III,3923,5718088,1196576,31360,0,0,0,0,15215,0,,,,
3525,210136980,ᴬʷTowMater2,III,3923,2957791,119711,0,0,0,0,0,0,0,,,,
3526,210322887,Szgszg34,III,3923,4779631,664112,0,0,0,0,0,1440,0,,,,
3527,209752423,ᴬʷOlympicNP,III,3923,6394152,915726,0,0,0,0,0,0,0,,,,
3531,210152092,Spinni,III,3923,3732700,0,0,0,0,0,0,0,0,,,,
3532,209774665,Rosluck2,III,3923,8471931,1047507,0,0,0,0,0,7724,0,,,,
3540,210344796,Hüseyin KOÇ,III,3923,3081394,0,0,0,0,0,0,0,0,,,,
3543,205122465,ᴹᵀ AcidRain,III,3923,10168404,989765,0,0,0,0,0,1424,0,,,,
3545,197451187,아라비아킹,III,3923,6600521,0,0,0,0,0,0,0,0,,,,
3549,209880183,iMaverick,III,3923,12231814,2798270,0,0,0,0,0,226282,0,,,,
3551,210293137,J9k,III,3923,6251822,0,0,0,0,0,0,0,0,,,,
3560,210317284,Manzo777,III,3923,4577608,0,0,0,0,0,0,0,0,,,,
3561,209978031,tuấn ku,III,3923,3392808,-66787,218895,0,0,0,0,0,0,,,,
3565,210397349,ᵃⁿᵍ,III,3923,8913867,1268462,0,0,0,0,0,2439,0,,,,
3568,209858036,ᵃⁿᵍNECO,III,3923,16147771,4691422,0,0,0,0,0,194023,0,,,,
3571,180303047,ABOBAAAAAAAAAA,III,3923,4244192,0,0,0,0,0,0,0,0,,,,
3575,210306383,Правитель210306383,III,3923,3755175,469709,0,0,0,0,0,367,0,,,,
3580,209757076,BuZiMa,III,3923,5093613,956437,0,0,0,0,0,784,0,,,,
3583,210323881,UCHIHA GMG,III,3923,3729630,0,0,0,0,0,0,0,0,,,,
3585,210302577,MayDay86,III,3923,5623406,1280571,0,0,0,0,0,60484,0,,,,
3588,210316554,GAKUNBA,III,3923,4689328,-1593,0,0,0,0,0,0,0,,,,
3594,210693026,Cloak4208,III,3923,5446835,679107,0,0,0,0,0,1925,0,,,,
3598,210323840,maxx116,III,3923,4038500,0,0,0,0,0,0,0,0,,,,
3603,212602916,Sysstms farm,III,3923,4488616,653841,0,0,0,0,0,851,0,,,,
3604,172383607,Gobernador172383607,III,3923,4861339,0,0,0,0,0,0,0,0,,,,
3614,210236982,ᴬʷStuart,III,3923,6479939,1463575,0,0,0,0,0,0,0,,,,
3619,210344628,Refugiodetail,III,3923,3201909,392559,0,0,0,0,0,5068,0,,,,
3620,210329889,Ayuta,III,3923,4409677,38038,0,0,0,0,0,0,0,,,,
3621,210455809,A๖Tín S14,III,3923,3934610,244940,0,0,0,0,0,583,0,,,,
3624,212993732,Pereiro 1,III,3923,2989542,0,0,0,0,0,0,0,0,,,,
3626,210306434,Raja Doli,III,3923,3721641,0,0,0,0,0,0,0,0,,,,
3627,210364856,Max JGN,III,3923,8121500,473944,0,0,0,0,0,28203,0,,,,
3628,210442619,ᵃⁿᵍMlinka,III,3923,3403852,0,0,0,0,0,0,0,0,,,,
3630,210294481,HUSKWARNA61,III,3923,2962799,0,0,0,0,0,0,0,0,,,,
3654,210367933,Beybiii,III,3923,3472282,0,0,0,0,0,0,0,0,,,,
3659,210294474,EChaa,III,3923,5521830,70154,0,0,0,0,0,0,0,,,,
3662,209906906,ᴵᴸShinoa,III,3923,4659026,52718,0,0,0,0,0,0,0,,,,
3663,199859235,ᵀᴼᴾ HODY,III,3923,5282854,0,0,0,0,0,0,0,0,,,,
3671,210677651,ᵃⁿᵍshorty,III,3923,15784034,4601464,0,0,0,0,0,212451,0,,,,
3676,210317322,ᴬ MadaraUchia,III,3923,5528933,1350201,0,0,0,0,0,20463,0,,,,
3679,209775342,ᴵᴸEzylryb,III,3923,9043046,0,0,0,0,0,0,0,0,,,,
3680,210380900,A๖Tín S12,III,3923,4235689,315425,0,0,0,0,0,494,0,,,,
3681,210330736,Charli300,III,3923,7859272,1635763,35922,0,0,0,0,12583,0,,,,
3685,210306751,Madukara,III,3923,10210248,1999549,800506,0,0,0,0,206694,0,,,,
3686,210361410,Darwidhz,III,3923,5385624,358989,0,0,0,0,0,874,0,,,,
3687,210318950,korsandıklı,III,3923,4624498,911394,0,0,0,0,0,32491,0,,,,
3688,210297689,ᴮᵒᵒLogans,III,3923,5084504,763533,0,0,0,0,0,2982,0,,,,
3698,210298321,BannaKS,III,3923,3005236,0,0,0,0,0,0,0,0,,,,
3699,210352498,Joeboo 123,III,3923,3699513,0,0,0,0,0,0,0,0,,,,
3700,210238755,ᴬʷRockyMtnNP,III,3923,5885124,885729,0,0,0,0,0,141,0,,,,
3708,87986858,Yeraymat,III,3923,8223860,0,0,0,0,0,0,0,0,,,,
3711,210305615,Daminbek,III,3923,3164231,0,0,0,0,0,0,0,0,,,,
3719,210368045,ApXaHreJI,III,3923,6272911,1669677,0,0,0,0,0,975,0,,,,
3720,211771912,FamBiNganHoa2,III,3923,3359741,685521,0,0,0,0,0,0,0,,,,
3722,209765372,nhiu vn,III,3923,3543031,0,0,0,0,0,0,0,0,,,,
3725,210297358,ДЖУС,III,3923,3603173,227008,0,0,0,0,0,2193,0,,,,
3727,51510799,KeyJenJ,III,3923,8900058,0,0,0,0,0,0,0,0,,,,
3729,210307135,WTheF1,III,3923,8753152,1585496,0,0,0,0,0,177229,0,,,,
3732,210364170,Quang23,III,3923,3261641,-1453,0,0,0,0,0,0,0,,,,
3734,197771196,ˢʷRymaa,III,3923,7246352,0,0,0,0,0,0,0,0,,,,
3735,210310863,Äñğēł,III,3923,2931508,0,0,0,0,0,0,0,0,,,,
3743,210332159,Dc Trọn,III,3923,5638810,380597,0,0,0,0,0,3822,0,,,,
3745,210574489,짱다르크,III,3923,6788437,519020,0,0,0,0,0,0,0,,,,
3747,210330612,Wallerun I,III,3923,7252429,1713012,0,0,0,0,0,42621,0,,,,
3751,210360063,кк 인생무상,III,3923,12957927,127074,0,0,0,0,0,640,0,,,,
3755,210533875,NKT264,III,3923,6072024,577975,0,0,0,0,0,0,0,,,,
3761,209868816,ᵃⁿᵍObi,III,3923,14016922,3331303,0,0,0,0,0,111287,0,,,,
3763,210308469,ᴴᶜMer4ik亗,III,3923,3782219,0,0,0,0,0,0,0,0,,,,
3771,210360917,Kainan o,III,3923,2964471,0,0,0,0,0,0,0,0,,,,
3773,210295004,ʜᵒFram,III,3923,5192801,205390,0,0,0,0,0,0,0,,,,
3778,211861949,ᴬʷBob,III,3923,3741803,1078854,0,0,0,0,0,0,0,,,,
3779,210345187,asparuh681,III,3923,3222920,0,0,0,0,0,0,0,0,,,,
3784,213356915,Texas07F,III,3923,3176941,0,0,0,0,0,0,0,0,,,,
3788,210336227,Aykin 0089,III,3923,4775537,1085950,0,0,0,0,0,24075,0,,,,
3789,189196830,ᵈˢBlackTzyy,III,3923,8975246,0,0,0,0,0,0,0,0,,,,
3790,210002194,ThanhHuyen0,III,3923,4551906,0,0,0,0,0,0,0,0,,,,
3792,210308745,Thần Trang,III,3923,3736994,0,0,0,0,0,0,0,0,,,,
3793,209872510,ᵃⁿᵍWOLF,III,3923,7528595,504630,0,0,0,0,0,4579,0,,,,
3795,209710851,pemecah laut,III,3923,6634893,561834,0,0,0,0,0,40520,0,,,,
3806,210201912,ᵏᵏBrex,III,3923,10378456,1206175,0,0,0,0,0,3857,0,,,,
3807,210384494,monkey05f,III,3923,2949065,0,0,0,0,0,0,0,0,,,,
3808,210323432,ᴬ LordForfete,III,3923,8944130,1987128,0,0,0,0,0,90456,0,,,,
3813,210336868,Thien Vuong Lam,III,3923,2811248,0,0,0,0,0,0,0,0,,,,
3817,210341281,xs1rtw,III,3923,3168654,0,0,0,0,0,0,0,0,,,,
3820,210300570,QTruongez,III,3923,4233811,0,0,0,0,0,0,0,0,,,,
3824,209754953,ᴬʷFree,III,3923,3487765,95200,0,0,0,0,0,0,0,,,,
3825,186446630,ⁿʷᵏCorvee,III,3923,6326735,0,0,0,0,0,0,0,0,,,,
3826,210318244,Adrenaline٢,III,3923,5015829,1323079,0,0,0,0,0,19541,0,,,,
3827,210333572,Emperor Farlord,III,3923,4805668,104549,0,0,0,0,0,0,0,,,,
3832,210453709,A๖Tín S17,III,3923,3994866,305539,0,0,0,0,0,260,0,,,,
3833,204854887,ˢᵐFounden,III,3923,5705822,0,0,0,0,0,0,0,0,,,,
3838,210334743,benhvientudu,III,3923,2974420,-1989,0,0,0,0,0,0,0,,,,
3845,210344123,toloarmy,III,3923,4659994,1060658,0,0,0,0,0,24626,0,,,,
3848,210368524,執政官210368524,III,3923,9849491,1723350,0,0,0,0,0,48879,0,,,,
3858,206467276,ᴿᴿJustLenaa,III,3923,5830350,0,0,0,0,0,0,0,0,,,,
3861,210368058,Mopsik 71,III,3923,3870738,0,0,0,0,0,0,0,0,,,,
3863,210317561,Levoly,III,3923,3796089,670671,0,0,0,0,0,465,0,,,,
3867,211033740,ang HADES FRM,III,3923,3473295,332718,0,0,0,0,0,0,0,,,,
3872,204145232,eyeknight,III,3923,5271264,0,0,0,0,0,0,0,0,,,,
3878,210217035,svistynFARM,III,3923,2816660,0,0,0,0,0,0,0,0,,,,
3882,210306371,Laceki,III,3923,3712408,0,0,0,0,0,0,0,0,,,,
3884,209879940,octaviaa,III,3923,3292669,0,0,0,0,0,0,0,0,,,,
3885,210339933,قطاع غزة,III,3923,4035771,1038564,0,0,0,0,0,10757,0,,,,
3887,210366468,ElHobbith,III,3923,3762498,329978,0,0,0,0,0,135,0,,,,
3890,184669631,乂Shiva乂,III,3923,5772133,0,0,0,0,0,0,0,0,,,,
3891,210627220,ang HADES frm,III,3923,5423378,1062401,0,0,0,0,0,0,0,,,,
3893,108443400,PluckyNeptune,III,3923,7184930,1440161,0,0,0,0,0,9525,0,,,,
3896,210355154,ᴵᴱRuivinha,III,3923,5244894,1053168,0,0,0,0,0,5548,0,,,,
3897,209751074,QodRatt,III,3923,6859705,0,0,0,0,0,0,0,0,,,,
3903,209830463,EDK,III,3923,4649815,0,0,0,0,0,0,0,0,,,,
3906,211393726,sambokewer,III,3923,4751585,1145932,0,0,0,0,0,1206,0,,,,
3907,210369315,AlEx997,III,3923,7063160,1015421,0,0,0,0,0,12560,0,,,,
3909,210354942,CLEANER3216,III,3923,3155040,0,0,0,0,0,0,0,0,,,,
3914,210294493,mathuong,III,3923,2685544,0,0,0,0,0,0,0,0,,,,
3915,210183795,ᵛᶰGia Nhiii,III,3923,4092283,0,0,0,0,0,0,0,0,,,,
3918,210341400,ккYenNhicutee,III,3923,11572076,2494839,2936,0,0,0,0,20906,0,,,,
3926,210358322,cv min,III,3923,5234023,633205,0,0,0,0,0,435,0,,,,
3927,211538703,ᶦˢFLORYN,III,3923,3967988,0,0,0,0,0,0,0,0,,,,
3928,210463845,屮Fisaro,III,3923,10477725,2094006,124218,0,0,0,0,210220,0,,,,
3932,210271431,Tườnggà,III,3923,3588962,673602,0,0,0,0,0,602,0,,,,
3935,209367573,EcopriN,III,3923,6369952,124212,0,0,0,0,0,1235,0,,,,
3938,210381745,A๖Tín S7,III,3923,4211519,316417,0,0,0,0,0,3198,0,,,,
3949,210426904,NyOnYa BeSaR,III,3923,9102899,1798241,0,0,0,0,0,37198,0,,,,
3950,210365764,포우랑,III,3923,3865943,0,0,0,0,0,0,0,0,,,,
3952,210326240,KOMMERS,III,3923,3955661,295986,0,0,0,0,0,630,0,,,,
3957,210333303,levent1626,III,3923,6744501,1396979,0,0,0,0,0,64904,0,,,,
3960,210382114,白 帝,III,3923,5784844,911069,0,0,0,0,0,28858,0,,,,
3964,210160291,cocogolem,III,3923,3183276,464060,0,0,0,0,0,0,0,,,,
3965,210390943,しょーちゃん,III,3923,5156638,494918,0,0,0,0,0,5176,0,,,,
3969,209765116,ₑᵥbu gem,III,3923,3255855,0,0,0,0,0,0,0,0,,,,
3979,210397448,ᵛᵒEleveny,III,3923,7730207,1155365,0,0,0,0,0,157639,0,,,,
3984,210381738,AxTin S1,III,3923,4142887,307548,0,0,0,0,0,2169,0,,,,
3987,210339979,QinShingHuang,III,3923,3088873,0,0,0,0,0,0,0,0,,,,
3988,210323657,SlimReaper66,III,3923,5448967,581353,0,0,0,0,0,1307,0,,,,
3992,210417090,0erenn,III,3923,8813464,1577287,0,0,0,0,0,20311,0,,,,
3994,210344289,ᴵᴮ Tito21,III,3923,4527549,920908,0,0,0,0,0,7984,0,,,,
3995,210306898,дзен,III,3923,5044811,1111617,0,0,0,0,0,18354,0,,,,
3998,209831337,Djembo,III,3923,11256047,1116546,0,0,0,0,0,70615,0,,,,
4000,192171632,ᴵᵂPhoenix,III,3923,3531737,0,0,0,0,0,0,0,0,,,,
4001,210328320,아미타불,III,3923,6561312,535900,0,0,0,0,0,11826,0,,,,
4003,209900696,ᵃⁿᵍNev乄,III,3923,12499443,1989377,0,0,0,0,0,14701,0,,,,
4008,210301668,ChúaTểVkL,III,3923,4160502,1066877,0,0,0,0,0,6861,0,,,,
4009,210135841,Ťhe文ƔladF,III,3923,8861663,1701697,0,0,0,0,0,969,0,,,,
4010,209957163,ᴵᴮHưng lor,III,3923,4644376,247965,0,0,0,0,0,1790,0,,,,
4014,209680206,МSAngel,III,3923,9165024,1404997,0,0,0,0,0,52380,0,,,,
4018,210415536,ᵃⁿᵍSoutz,III,3923,15026469,0,0,0,0,0,0,0,0,,,,
4029,210321283,Аликош,III,3923,3032529,0,0,0,0,0,0,0,0,,,,
4041,210327896,khoá biệt ly,III,3923,5296141,778771,0,0,0,0,0,8395,0,,,,
4047,210569947,A๖Tín S15,III,3923,4056664,242641,0,0,0,0,0,903,0,,,,
4049,210294479,DIELROMANOV,III,3923,6256300,1363029,0,0,0,0,0,14597,0,,,,
4050,210662934,MTrang 03,III,3923,5595381,844012,0,0,0,0,0,1105,0,,,,
4060,209787894,the G00LL33R,III,3923,3137521,0,0,0,0,0,0,0,0,,,,
4061,210415890,ⁿleander112,III,3923,9575642,1524351,0,0,0,0,0,7084,0,,,,
4065,209913684,PEQUISAURIUS,III,3923,4850273,863824,599579,0,0,0,0,109859,0,,,,
4066,210349628,José Antonio I,III,3923,4733129,882732,0,0,0,0,0,3046,0,,,,
4071,209837984,ᵃⁿᵍConejo,III,3923,8866122,1306528,0,0,0,0,0,10021,0,,,,
4076,210410607,Smoking420,III,3923,9308695,3746355,0,0,0,0,0,269790,0,,,,
4077,189094288,ᴱᴰMANDARA,III,3923,7127957,0,0,0,0,0,0,0,0,,,,
4081,209750827,ккRTMz,III,3923,9734895,0,0,0,0,0,0,0,0,,,,
4082,210402668,ᵃⁿᵍAHMET,III,3923,7669912,2124960,0,0,0,0,0,71203,0,,,,
4087,192581406,Aumi Pusi,III,3923,6468871,0,0,0,0,0,0,0,0,,,,
4096,210359937,Phantomclaw,III,3923,4600114,0,0,0,0,0,0,0,0,,,,
4106,210355277,cider021,III,3923,2943842,0,0,0,0,0,0,0,0,,,,
4107,210353425,altayhan,III,3923,3881659,0,0,0,0,0,0,0,0,,,,
4110,210312097,VǎęŤjűņ,III,3923,6631392,1195237,0,0,0,0,0,9264,0,,,,
4114,210446589,Black Ruler,III,3923,15846693,4748541,0,0,0,0,0,196886,0,,,,
4115,210678835,Thunderpants,III,3923,5797165,0,0,0,0,0,0,0,0,,,,
4118,209800156,MTPJ,III,3923,2953137,0,0,0,0,0,0,0,0,,,,
4120,210516408,ᴮᴿTranör,III,3923,7072162,1109639,138384,0,0,0,0,76145,0,,,,
4125,210293136,JShiggity,III,3923,5828394,1775566,0,0,0,0,0,57690,0,,,,
4131,209761452,I Viibe I,III,3923,4959270,0,0,0,0,0,0,0,0,,,,
4134,33235384,PowerNekat,III,3923,6832493,973216,0,0,0,0,0,47191,0,,,,
4137,197747724,ˢᶠMussoN,III,3923,5917914,0,0,0,0,0,0,0,0,,,,
4139,210339327,DMoreP,III,3923,3052597,112788,0,0,0,0,0,0,0,,,,
4140,210328161,saydullo200899,III,3923,6850612,1355459,0,0,0,0,0,9125,0,,,,
4152,210306664,tu may,III,3923,3091438,0,0,0,0,0,0,0,0,,,,
4153,209749437,JoiL1,III,3923,4565780,0,0,0,0,0,0,0,0,,,,
4163,209837468,Fizryk3,III,3923,11134900,2380566,0,0,0,0,0,51869,0,,,,
4164,190386043,Othmane99,III,3923,6195199,0,0,0,0,0,0,0,0,,,,
4165,179251804,Vlynk,III,3923,6364953,0,0,0,0,0,0,0,0,,,,
4166,210409786,GRAL ARTIGAS,III,3923,3189353,0,0,0,0,0,0,0,0,,,,
4170,210345390,melomancik,III,3923,3594590,86257,0,0,0,0,0,502,0,,,,
4171,210359088,TrưởngXóm,III,3923,3685559,0,0,0,0,0,0,0,0,,,,
4172,210307533,Sweetbun,III,3923,3353021,0,0,0,0,0,0,0,0,,,,
4173,211130725,Samboisme,III,3923,5406819,1149258,0,0,0,0,0,0,0,,,,
4178,210330869,MoroZilo,III,3923,3812086,712304,0,0,0,0,0,3542,0,,,,
4183,209750955,ᴵᴮXQuinnX,III,3923,4815066,0,0,0,0,0,0,0,0,,,,
4185,210331528,Jurysohn,III,3923,4986384,1090352,0,0,0,0,0,48204,0,,,,
4187,210370208,United star,III,3923,4146737,777607,0,0,0,0,0,1933,0,,,,
4188,209838425,ᵛᵒBÄRliner,III,3923,8987939,1722030,0,0,0,0,0,13354,0,,,,
4199,210346094,pogy,III,3923,9595208,2428057,0,0,0,0,0,83497,0,,,,
4202,194010087,ᴬCanserBer0,III,3923,11128787,1432779,0,0,0,0,0,99545,0,,,,
4207,212506961,TrDat f2,III,3923,3586380,680433,0,0,0,0,0,52,0,,,,
4212,73033637,TinWP,III,3923,7955988,0,0,0,0,0,0,0,0,,,,
4219,210306301,Freezerᴵᴸ,III,3923,3010364,0,0,0,0,0,0,0,0,,,,
4222,210339633,WanN,III,3923,3675008,0,0,0,0,0,0,0,0,,,,
4223,210355575,Dũng phan,III,3923,4744188,1185561,2156,0,0,0,0,6234,0,,,,
4226,211142562,ᵃⁿᵍTenz2,III,3923,3579923,526607,0,0,0,0,0,158,0,,,,
4230,210343699,PoKe,III,3923,5778430,873913,0,0,0,0,0,7009,0,,,,
4231,210329173,KingNPT,III,3923,3145613,0,0,0,0,0,0,0,0,,,,
4240,210354196,Ariton89,III,3923,3297990,503635,0,0,0,0,0,359,0,,,,
4242,210385946,Kowalski66724,III,3923,3203382,0,0,0,0,0,0,0,0,,,,
4256,210297359,Ikan betok 2,III,3923,3265482,486952,0,0,0,0,0,1378,0,,,,
4257,209911833,ᵃⁿᵍDrake2,III,3923,5496566,1059264,11132,0,0,0,0,0,0,,,,
4260,210354329,MAAP,III,3923,4815496,949682,0,0,0,0,0,20726,0,,,,
4262,210352001,Gmzemn,III,3923,5219206,1064196,0,0,0,0,0,20219,0,,,,
4266,210318919,ᴬFredSamoa,III,3923,5137849,862816,0,0,0,0,0,40836,0,,,,
4271,210852852,ᵀᴮGenzou,III,3923,4402372,0,0,0,0,0,0,0,0,,,,
4274,210308399,엄지나르샤,III,3923,3447700,0,0,0,0,0,0,0,0,,,,
4279,141101252,Folt 9th,III,3923,4876530,0,0,0,0,0,0,0,0,,,,
4283,210341960,Samurai egypt,III,3923,3352873,0,0,0,0,0,0,0,0,,,,
4297,209759412,ᵃⁿᵍBori,III,3923,7179205,1053884,0,0,0,0,0,1686,0,,,,
4298,210332069,Lev13,III,3923,4444107,0,0,0,0,0,0,0,0,,,,
4302,209895180,Djombe,III,3923,3427436,399579,0,0,0,0,0,21661,0,,,,
4304,210311849,VN số 01,III,3923,7959572,1996009,0,0,0,0,0,78968,0,,,,
4306,210368577,foxxxxy,III,3923,3752308,763282,6192,0,0,0,0,19003,0,,,,
4320,210437744,MUSTAFA02,III,3923,5212294,622457,0,0,0,0,0,2677,0,,,,
4322,210296578,ᵏᵃFenikS72,III,3923,4249829,0,0,0,0,0,0,0,0,,,,
4324,210331332,The LION,III,3923,2691180,0,0,0,0,0,0,0,0,,,,
4329,209753111,loss03,III,3923,5316361,0,0,0,0,0,0,0,0,,,,
4330,210607136,RektSlave1  シ,III,3923,2741770,0,0,0,0,0,0,0,0,,,,
4332,210350450,Rafisal,III,3923,6294262,939265,0,0,0,0,0,9761,0,,,,
4333,210187327,MiniiVenus,III,3923,7197873,431790,0,0,0,0,0,447,0,,,,
4334,210368193,Don Corle2,III,3923,6167998,701067,0,0,0,0,0,7812,0,,,,
4339,210334989,ttquang,III,3923,2910054,20329,0,0,0,0,0,0,0,,,,
4341,209829854,Aiwarin,III,3923,5758277,0,0,0,0,0,0,0,0,,,,
4344,210300474,zzer0,III,3923,4942889,519724,46954,0,0,0,0,7712,0,,,,
4345,209749832,кк kukulis,III,3923,7705938,1296774,0,0,0,0,0,41916,0,,,,
4349,208562472,vì anh ấy,III,3923,4001671,-1664,0,0,0,0,0,0,0,,,,
4351,209928896,ᴸᴴ sachie,III,3923,11749075,2978925,0,0,0,0,0,19917,0,,,,
4353,210569951,A๖Tín S9,III,3923,4143847,317717,0,0,0,0,0,1305,0,,,,
4364,211105260,LọVương1122,III,3923,4341653,1110625,0,0,0,0,0,565,0,,,,
4368,210347034,WWWZ,III,3923,4219489,795866,0,0,0,0,0,0,0,,,,
4376,210229129,AlphaOrionis,III,3923,7486444,433739,0,0,0,0,0,8115,0,,,,
4381,210330223,Willwin,III,3923,5223318,0,0,0,0,0,0,0,0,,,,
4382,210299760,Kanаtiк,III,3923,6321745,0,0,0,0,0,0,0,0,,,,
4385,210332861,Khoctiny,III,3923,4560949,972225,0,0,0,0,0,9587,0,,,,
4394,210568013,A๖Tín S4,III,3923,4131486,274066,0,0,0,0,0,503,0,,,,
4395,210369190,진진테무르,III,3923,5258411,1197859,0,0,0,0,0,31784,0,,,,
4396,210305849,ˢᶜ레이스,III,3923,2894699,0,0,0,0,0,0,0,0,,,,
4397,209838557,ᴿᵁ HoangRed,III,3923,6835372,427494,0,0,0,0,0,498,0,,,,
4400,211209531,sambosurvive,III,3923,5197007,841892,0,0,0,0,0,0,0,,,,
4403,210332126,MANGEIR DE PAFF,III,3923,3861225,33926,0,0,0,0,0,0,0,,,,
4406,210412809,Moff Xurellias,III,3923,6704126,1264192,0,0,0,0,0,77566,0,,,,